variant,initial_connection,connection_fraction,compatibility_threshold,generation,species_before,species_after,generation_transitions,cumulative_transitions,fitness_min,fitness_mean,fitness_max,enabled_connections_min,enabled_connections_mean,enabled_connections_max,hidden_nodes_min,hidden_nodes_mean,hidden_nodes_max,unique_enabled_topologies
full-t1_0,full_direct,,1.0,1,9,11,46757,46757,0.9572843933105468,2.030654261112213,3.324122161865234,699,705.1875,708,0,0.046875,1,48
full-t1_0,full_direct,,1.0,2,11,12,46595,93352,1.3566795349121095,2.1336511409282686,4.08563949584961,696,702.46875,708,0,0.078125,1,57
full-t1_0,full_direct,,1.0,3,12,13,49024,142376,1.133904342651367,2.4207699418067934,5.689494323730469,687,699.3125,708,0,0.078125,1,60
full-t1_5,full_direct,,1.5,1,4,4,46398,46398,1.0106121826171874,2.0676512026786806,3.637344970703125,699,704.8125,708,0,0.03125,1,57
full-t1_5,full_direct,,1.5,2,4,4,45800,92198,1.193352813720703,2.063245589733124,3.8397868347167967,692,700.78125,708,0,0.140625,2,63
full-t1_5,full_direct,,1.5,3,4,4,50992,143190,1.253800811767578,2.5785999727249145,5.133423461914063,682,695.265625,705,0,0.1875,1,64
partial10-t2_5,partial_direct,0.1,2.5,1,5,5,42808,42808,1.0705438995361327,2.0031876862049103,4.082228393554688,69,70.828125,72,0,0.046875,1,41
partial10-t2_5,partial_direct,0.1,2.5,2,5,6,39609,82417,1.0181423187255858,1.8801828002929688,3.738132934570313,68,70.625,73,0,0.171875,2,36
partial10-t2_5,partial_direct,0.1,2.5,3,6,6,47028,129445,0.9803150939941405,2.569109320640564,5.335428161621094,66,70.359375,73,0,0.234375,2,41
partial25-t2_5,partial_direct,0.25,2.5,1,3,3,42929,42929,0.9483432769775391,1.9745531833171845,4.801295318603516,173,176.40625,178,0,0.046875,1,49
partial25-t2_5,partial_direct,0.25,2.5,2,3,3,43649,86578,1.4414341735839844,2.1391981375217437,3.838017730712891,172,175.15625,178,0,0.03125,1,58
partial25-t2_5,partial_direct,0.25,2.5,3,3,3,42634,129212,1.2778462219238282,2.195716825723648,7.551401977539062,170,174.640625,178,0,0.21875,2,57
fs-neat-t2_5,fs_neat_nohidden,,2.5,1,7,7,36620,36620,0.9745109558105469,1.5719023168087005,3.135498657226562,2,3.140625,4,0,0.046875,1,31
fs-neat-t2_5,fs_neat_nohidden,,2.5,2,7,7,35757,72377,1.1891519165039064,1.576062034368515,2.3554649353027344,1,2.9375,5,0,0.03125,1,30
fs-neat-t2_5,fs_neat_nohidden,,2.5,3,7,7,43136,115513,1.2351516723632812,2.340055114030838,7.195223083496094,1,3.234375,5,0,0.03125,1,28
