version,run,run_id,generation,species_count
v1,1,neat-discrete-5m-run1,1,1
v1,1,neat-discrete-5m-run1,2,1
v1,1,neat-discrete-5m-run1,3,1
v1,1,neat-discrete-5m-run1,4,1
v1,1,neat-discrete-5m-run1,5,1
v1,1,neat-discrete-5m-run1,6,1
v1,1,neat-discrete-5m-run1,7,1
v1,1,neat-discrete-5m-run1,8,1
v1,1,neat-discrete-5m-run1,9,1
v1,1,neat-discrete-5m-run1,10,1
v1,1,neat-discrete-5m-run1,11,1
v1,1,neat-discrete-5m-run1,12,1
v1,1,neat-discrete-5m-run1,13,1
v1,1,neat-discrete-5m-run1,14,1
v1,1,neat-discrete-5m-run1,15,1
v1,1,neat-discrete-5m-run1,16,1
v1,1,neat-discrete-5m-run1,17,1
v1,1,neat-discrete-5m-run1,18,1
v1,1,neat-discrete-5m-run1,19,1
v1,1,neat-discrete-5m-run1,20,1
v1,1,neat-discrete-5m-run1,21,1
v1,1,neat-discrete-5m-run1,22,1
v1,1,neat-discrete-5m-run1,23,1
v1,1,neat-discrete-5m-run1,24,1
v1,1,neat-discrete-5m-run1,25,1
v1,1,neat-discrete-5m-run1,26,1
v1,1,neat-discrete-5m-run1,27,1
v1,1,neat-discrete-5m-run1,28,1
v1,1,neat-discrete-5m-run1,29,1
v1,1,neat-discrete-5m-run1,30,1
v1,1,neat-discrete-5m-run1,31,1
v1,1,neat-discrete-5m-run1,32,1
v1,1,neat-discrete-5m-run1,33,1
v1,1,neat-discrete-5m-run1,34,1
v1,1,neat-discrete-5m-run1,35,1
v1,1,neat-discrete-5m-run1,36,1
v1,1,neat-discrete-5m-run1,37,1
v1,1,neat-discrete-5m-run1,38,1
v1,1,neat-discrete-5m-run1,39,1
v1,1,neat-discrete-5m-run1,40,1
v1,1,neat-discrete-5m-run1,41,1
v1,1,neat-discrete-5m-run1,42,1
v1,1,neat-discrete-5m-run1,43,1
v1,1,neat-discrete-5m-run1,44,1
v1,1,neat-discrete-5m-run1,45,1
v1,1,neat-discrete-5m-run1,46,1
v1,1,neat-discrete-5m-run1,47,1
v1,1,neat-discrete-5m-run1,48,1
v1,1,neat-discrete-5m-run1,49,1
v1,1,neat-discrete-5m-run1,50,1
v1,1,neat-discrete-5m-run1,51,1
v1,1,neat-discrete-5m-run1,52,1
v1,1,neat-discrete-5m-run1,53,1
v1,1,neat-discrete-5m-run1,54,1
v1,1,neat-discrete-5m-run1,55,1
v1,1,neat-discrete-5m-run1,56,1
v1,1,neat-discrete-5m-run1,57,1
v1,1,neat-discrete-5m-run1,58,1
v1,1,neat-discrete-5m-run1,59,1
v1,1,neat-discrete-5m-run1,60,1
v1,1,neat-discrete-5m-run1,61,1
v1,2,neat-discrete-5m-run2,1,1
v1,2,neat-discrete-5m-run2,2,1
v1,2,neat-discrete-5m-run2,3,1
v1,2,neat-discrete-5m-run2,4,1
v1,2,neat-discrete-5m-run2,5,1
v1,2,neat-discrete-5m-run2,6,1
v1,2,neat-discrete-5m-run2,7,1
v1,2,neat-discrete-5m-run2,8,1
v1,2,neat-discrete-5m-run2,9,1
v1,2,neat-discrete-5m-run2,10,1
v1,2,neat-discrete-5m-run2,11,1
v1,2,neat-discrete-5m-run2,12,1
v1,2,neat-discrete-5m-run2,13,1
v1,2,neat-discrete-5m-run2,14,1
v1,2,neat-discrete-5m-run2,15,1
v1,2,neat-discrete-5m-run2,16,1
v1,2,neat-discrete-5m-run2,17,1
v1,2,neat-discrete-5m-run2,18,1
v1,2,neat-discrete-5m-run2,19,1
v1,2,neat-discrete-5m-run2,20,1
v1,2,neat-discrete-5m-run2,21,1
v1,2,neat-discrete-5m-run2,22,1
v1,2,neat-discrete-5m-run2,23,1
v1,2,neat-discrete-5m-run2,24,1
v1,2,neat-discrete-5m-run2,25,1
v1,2,neat-discrete-5m-run2,26,1
v1,2,neat-discrete-5m-run2,27,1
v1,2,neat-discrete-5m-run2,28,1
v1,2,neat-discrete-5m-run2,29,1
v1,2,neat-discrete-5m-run2,30,1
v1,2,neat-discrete-5m-run2,31,1
v1,2,neat-discrete-5m-run2,32,1
v1,2,neat-discrete-5m-run2,33,1
v1,2,neat-discrete-5m-run2,34,1
v1,2,neat-discrete-5m-run2,35,1
v1,2,neat-discrete-5m-run2,36,1
v1,2,neat-discrete-5m-run2,37,1
v1,2,neat-discrete-5m-run2,38,1
v1,2,neat-discrete-5m-run2,39,1
v1,2,neat-discrete-5m-run2,40,1
v1,2,neat-discrete-5m-run2,41,1
v1,2,neat-discrete-5m-run2,42,1
v1,2,neat-discrete-5m-run2,43,1
v1,2,neat-discrete-5m-run2,44,1
v1,2,neat-discrete-5m-run2,45,1
v1,2,neat-discrete-5m-run2,46,1
v1,2,neat-discrete-5m-run2,47,1
v1,2,neat-discrete-5m-run2,48,1
v1,2,neat-discrete-5m-run2,49,1
v1,2,neat-discrete-5m-run2,50,1
v1,2,neat-discrete-5m-run2,51,1
v1,2,neat-discrete-5m-run2,52,1
v1,2,neat-discrete-5m-run2,53,1
v1,2,neat-discrete-5m-run2,54,1
v1,2,neat-discrete-5m-run2,55,1
v1,2,neat-discrete-5m-run2,56,1
v1,2,neat-discrete-5m-run2,57,1
v1,2,neat-discrete-5m-run2,58,1
v1,2,neat-discrete-5m-run2,59,1
v1,2,neat-discrete-5m-run2,60,1
v1,2,neat-discrete-5m-run2,61,1
v1,2,neat-discrete-5m-run2,62,1
v1,2,neat-discrete-5m-run2,63,1
v1,3,neat-discrete-5m-run3,1,1
v1,3,neat-discrete-5m-run3,2,1
v1,3,neat-discrete-5m-run3,3,1
v1,3,neat-discrete-5m-run3,4,1
v1,3,neat-discrete-5m-run3,5,1
v1,3,neat-discrete-5m-run3,6,1
v1,3,neat-discrete-5m-run3,7,1
v1,3,neat-discrete-5m-run3,8,1
v1,3,neat-discrete-5m-run3,9,1
v1,3,neat-discrete-5m-run3,10,1
v1,3,neat-discrete-5m-run3,11,1
v1,3,neat-discrete-5m-run3,12,1
v1,3,neat-discrete-5m-run3,13,1
v1,3,neat-discrete-5m-run3,14,1
v1,3,neat-discrete-5m-run3,15,1
v1,3,neat-discrete-5m-run3,16,1
v1,3,neat-discrete-5m-run3,17,1
v1,3,neat-discrete-5m-run3,18,1
v1,3,neat-discrete-5m-run3,19,1
v1,3,neat-discrete-5m-run3,20,1
v1,3,neat-discrete-5m-run3,21,1
v1,3,neat-discrete-5m-run3,22,1
v1,3,neat-discrete-5m-run3,23,1
v1,3,neat-discrete-5m-run3,24,1
v1,3,neat-discrete-5m-run3,25,1
v1,3,neat-discrete-5m-run3,26,1
v1,3,neat-discrete-5m-run3,27,1
v1,3,neat-discrete-5m-run3,28,1
v1,3,neat-discrete-5m-run3,29,1
v1,3,neat-discrete-5m-run3,30,1
v1,3,neat-discrete-5m-run3,31,1
v1,3,neat-discrete-5m-run3,32,1
v1,3,neat-discrete-5m-run3,33,1
v1,3,neat-discrete-5m-run3,34,1
v1,3,neat-discrete-5m-run3,35,1
v1,3,neat-discrete-5m-run3,36,1
v1,3,neat-discrete-5m-run3,37,1
v1,3,neat-discrete-5m-run3,38,1
v1,3,neat-discrete-5m-run3,39,1
v1,3,neat-discrete-5m-run3,40,1
v1,3,neat-discrete-5m-run3,41,1
v1,3,neat-discrete-5m-run3,42,1
v1,3,neat-discrete-5m-run3,43,1
v1,3,neat-discrete-5m-run3,44,1
v1,3,neat-discrete-5m-run3,45,1
v1,3,neat-discrete-5m-run3,46,1
v1,3,neat-discrete-5m-run3,47,1
v1,3,neat-discrete-5m-run3,48,1
v1,3,neat-discrete-5m-run3,49,1
v1,3,neat-discrete-5m-run3,50,1
v1,3,neat-discrete-5m-run3,51,1
v1,3,neat-discrete-5m-run3,52,1
v1,3,neat-discrete-5m-run3,53,1
v1,3,neat-discrete-5m-run3,54,1
v1,3,neat-discrete-5m-run3,55,1
v1,3,neat-discrete-5m-run3,56,1
v1,3,neat-discrete-5m-run3,57,1
v1,3,neat-discrete-5m-run3,58,1
v2,1,neat-discrete-v2-200g-run1,1,5
v2,1,neat-discrete-v2-200g-run1,2,5
v2,1,neat-discrete-v2-200g-run1,3,5
v2,1,neat-discrete-v2-200g-run1,4,6
v2,1,neat-discrete-v2-200g-run1,5,6
v2,1,neat-discrete-v2-200g-run1,6,6
v2,1,neat-discrete-v2-200g-run1,7,6
v2,1,neat-discrete-v2-200g-run1,8,6
v2,1,neat-discrete-v2-200g-run1,9,6
v2,1,neat-discrete-v2-200g-run1,10,6
v2,1,neat-discrete-v2-200g-run1,11,6
v2,1,neat-discrete-v2-200g-run1,12,6
v2,1,neat-discrete-v2-200g-run1,13,7
v2,1,neat-discrete-v2-200g-run1,14,7
v2,1,neat-discrete-v2-200g-run1,15,7
v2,1,neat-discrete-v2-200g-run1,16,7
v2,1,neat-discrete-v2-200g-run1,17,7
v2,1,neat-discrete-v2-200g-run1,18,6
v2,1,neat-discrete-v2-200g-run1,19,6
v2,1,neat-discrete-v2-200g-run1,20,6
v2,1,neat-discrete-v2-200g-run1,21,6
v2,1,neat-discrete-v2-200g-run1,22,6
v2,1,neat-discrete-v2-200g-run1,23,6
v2,1,neat-discrete-v2-200g-run1,24,6
v2,1,neat-discrete-v2-200g-run1,25,5
v2,1,neat-discrete-v2-200g-run1,26,5
v2,1,neat-discrete-v2-200g-run1,27,5
v2,1,neat-discrete-v2-200g-run1,28,4
v2,1,neat-discrete-v2-200g-run1,29,4
v2,1,neat-discrete-v2-200g-run1,30,4
v2,1,neat-discrete-v2-200g-run1,31,4
v2,1,neat-discrete-v2-200g-run1,32,4
v2,1,neat-discrete-v2-200g-run1,33,4
v2,1,neat-discrete-v2-200g-run1,34,4
v2,1,neat-discrete-v2-200g-run1,35,3
v2,1,neat-discrete-v2-200g-run1,36,3
v2,1,neat-discrete-v2-200g-run1,37,2
v2,1,neat-discrete-v2-200g-run1,38,2
v2,1,neat-discrete-v2-200g-run1,39,2
v2,1,neat-discrete-v2-200g-run1,40,2
v2,1,neat-discrete-v2-200g-run1,41,2
v2,1,neat-discrete-v2-200g-run1,42,2
v2,1,neat-discrete-v2-200g-run1,43,2
v2,1,neat-discrete-v2-200g-run1,44,2
v2,1,neat-discrete-v2-200g-run1,45,2
v2,1,neat-discrete-v2-200g-run1,46,2
v2,1,neat-discrete-v2-200g-run1,47,2
v2,1,neat-discrete-v2-200g-run1,48,2
v2,1,neat-discrete-v2-200g-run1,49,2
v2,1,neat-discrete-v2-200g-run1,50,2
v2,1,neat-discrete-v2-200g-run1,51,2
v2,1,neat-discrete-v2-200g-run1,52,2
v2,1,neat-discrete-v2-200g-run1,53,2
v2,1,neat-discrete-v2-200g-run1,54,2
v2,1,neat-discrete-v2-200g-run1,55,2
v2,1,neat-discrete-v2-200g-run1,56,2
v2,1,neat-discrete-v2-200g-run1,57,2
v2,1,neat-discrete-v2-200g-run1,58,2
v2,1,neat-discrete-v2-200g-run1,59,2
v2,1,neat-discrete-v2-200g-run1,60,2
v2,1,neat-discrete-v2-200g-run1,61,2
v2,1,neat-discrete-v2-200g-run1,62,2
v2,1,neat-discrete-v2-200g-run1,63,2
v2,1,neat-discrete-v2-200g-run1,64,2
v2,1,neat-discrete-v2-200g-run1,65,2
v2,1,neat-discrete-v2-200g-run1,66,2
v2,1,neat-discrete-v2-200g-run1,67,2
v2,1,neat-discrete-v2-200g-run1,68,2
v2,1,neat-discrete-v2-200g-run1,69,2
v2,1,neat-discrete-v2-200g-run1,70,2
v2,1,neat-discrete-v2-200g-run1,71,2
v2,1,neat-discrete-v2-200g-run1,72,2
v2,1,neat-discrete-v2-200g-run1,73,2
v2,1,neat-discrete-v2-200g-run1,74,2
v2,1,neat-discrete-v2-200g-run1,75,2
v2,1,neat-discrete-v2-200g-run1,76,2
v2,1,neat-discrete-v2-200g-run1,77,2
v2,1,neat-discrete-v2-200g-run1,78,2
v2,1,neat-discrete-v2-200g-run1,79,2
v2,1,neat-discrete-v2-200g-run1,80,2
v2,1,neat-discrete-v2-200g-run1,81,2
v2,1,neat-discrete-v2-200g-run1,82,2
v2,1,neat-discrete-v2-200g-run1,83,2
v2,1,neat-discrete-v2-200g-run1,84,2
v2,1,neat-discrete-v2-200g-run1,85,2
v2,1,neat-discrete-v2-200g-run1,86,2
v2,1,neat-discrete-v2-200g-run1,87,2
v2,1,neat-discrete-v2-200g-run1,88,2
v2,1,neat-discrete-v2-200g-run1,89,2
v2,1,neat-discrete-v2-200g-run1,90,2
v2,1,neat-discrete-v2-200g-run1,91,2
v2,1,neat-discrete-v2-200g-run1,92,2
v2,1,neat-discrete-v2-200g-run1,93,2
v2,1,neat-discrete-v2-200g-run1,94,2
v2,1,neat-discrete-v2-200g-run1,95,2
v2,1,neat-discrete-v2-200g-run1,96,2
v2,1,neat-discrete-v2-200g-run1,97,2
v2,1,neat-discrete-v2-200g-run1,98,2
v2,1,neat-discrete-v2-200g-run1,99,2
v2,1,neat-discrete-v2-200g-run1,100,2
v2,1,neat-discrete-v2-200g-run1,101,2
v2,1,neat-discrete-v2-200g-run1,102,2
v2,1,neat-discrete-v2-200g-run1,103,2
v2,1,neat-discrete-v2-200g-run1,104,2
v2,1,neat-discrete-v2-200g-run1,105,2
v2,1,neat-discrete-v2-200g-run1,106,2
v2,1,neat-discrete-v2-200g-run1,107,2
v2,1,neat-discrete-v2-200g-run1,108,2
v2,1,neat-discrete-v2-200g-run1,109,2
v2,1,neat-discrete-v2-200g-run1,110,2
v2,1,neat-discrete-v2-200g-run1,111,2
v2,1,neat-discrete-v2-200g-run1,112,2
v2,1,neat-discrete-v2-200g-run1,113,2
v2,1,neat-discrete-v2-200g-run1,114,2
v2,1,neat-discrete-v2-200g-run1,115,2
v2,1,neat-discrete-v2-200g-run1,116,2
v2,1,neat-discrete-v2-200g-run1,117,2
v2,1,neat-discrete-v2-200g-run1,118,2
v2,1,neat-discrete-v2-200g-run1,119,2
v2,1,neat-discrete-v2-200g-run1,120,2
v2,1,neat-discrete-v2-200g-run1,121,2
v2,1,neat-discrete-v2-200g-run1,122,2
v2,1,neat-discrete-v2-200g-run1,123,2
v2,1,neat-discrete-v2-200g-run1,124,2
v2,1,neat-discrete-v2-200g-run1,125,2
v2,1,neat-discrete-v2-200g-run1,126,2
v2,1,neat-discrete-v2-200g-run1,127,2
v2,1,neat-discrete-v2-200g-run1,128,2
v2,1,neat-discrete-v2-200g-run1,129,2
v2,1,neat-discrete-v2-200g-run1,130,2
v2,1,neat-discrete-v2-200g-run1,131,2
v2,1,neat-discrete-v2-200g-run1,132,2
v2,1,neat-discrete-v2-200g-run1,133,2
v2,1,neat-discrete-v2-200g-run1,134,2
v2,1,neat-discrete-v2-200g-run1,135,2
v2,1,neat-discrete-v2-200g-run1,136,2
v2,1,neat-discrete-v2-200g-run1,137,2
v2,1,neat-discrete-v2-200g-run1,138,2
v2,1,neat-discrete-v2-200g-run1,139,2
v2,1,neat-discrete-v2-200g-run1,140,2
v2,1,neat-discrete-v2-200g-run1,141,2
v2,1,neat-discrete-v2-200g-run1,142,2
v2,1,neat-discrete-v2-200g-run1,143,2
v2,1,neat-discrete-v2-200g-run1,144,2
v2,1,neat-discrete-v2-200g-run1,145,2
v2,1,neat-discrete-v2-200g-run1,146,2
v2,1,neat-discrete-v2-200g-run1,147,2
v2,1,neat-discrete-v2-200g-run1,148,2
v2,1,neat-discrete-v2-200g-run1,149,2
v2,1,neat-discrete-v2-200g-run1,150,2
v2,1,neat-discrete-v2-200g-run1,151,2
v2,1,neat-discrete-v2-200g-run1,152,2
v2,1,neat-discrete-v2-200g-run1,153,2
v2,1,neat-discrete-v2-200g-run1,154,2
v2,1,neat-discrete-v2-200g-run1,155,2
v2,1,neat-discrete-v2-200g-run1,156,2
v2,1,neat-discrete-v2-200g-run1,157,2
v2,1,neat-discrete-v2-200g-run1,158,2
v2,1,neat-discrete-v2-200g-run1,159,3
v2,1,neat-discrete-v2-200g-run1,160,2
v2,1,neat-discrete-v2-200g-run1,161,2
v2,1,neat-discrete-v2-200g-run1,162,2
v2,1,neat-discrete-v2-200g-run1,163,2
v2,1,neat-discrete-v2-200g-run1,164,2
v2,1,neat-discrete-v2-200g-run1,165,2
v2,1,neat-discrete-v2-200g-run1,166,2
v2,1,neat-discrete-v2-200g-run1,167,2
v2,1,neat-discrete-v2-200g-run1,168,2
v2,1,neat-discrete-v2-200g-run1,169,2
v2,1,neat-discrete-v2-200g-run1,170,2
v2,1,neat-discrete-v2-200g-run1,171,2
v2,1,neat-discrete-v2-200g-run1,172,2
v2,1,neat-discrete-v2-200g-run1,173,2
v2,1,neat-discrete-v2-200g-run1,174,2
v2,1,neat-discrete-v2-200g-run1,175,2
v2,1,neat-discrete-v2-200g-run1,176,2
v2,1,neat-discrete-v2-200g-run1,177,2
v2,1,neat-discrete-v2-200g-run1,178,2
v2,1,neat-discrete-v2-200g-run1,179,2
v2,1,neat-discrete-v2-200g-run1,180,2
v2,1,neat-discrete-v2-200g-run1,181,2
v2,1,neat-discrete-v2-200g-run1,182,2
v2,1,neat-discrete-v2-200g-run1,183,2
v2,1,neat-discrete-v2-200g-run1,184,2
v2,1,neat-discrete-v2-200g-run1,185,2
v2,1,neat-discrete-v2-200g-run1,186,2
v2,1,neat-discrete-v2-200g-run1,187,2
v2,1,neat-discrete-v2-200g-run1,188,2
v2,1,neat-discrete-v2-200g-run1,189,2
v2,1,neat-discrete-v2-200g-run1,190,2
v2,1,neat-discrete-v2-200g-run1,191,2
v2,1,neat-discrete-v2-200g-run1,192,2
v2,1,neat-discrete-v2-200g-run1,193,2
v2,1,neat-discrete-v2-200g-run1,194,2
v2,1,neat-discrete-v2-200g-run1,195,2
v2,1,neat-discrete-v2-200g-run1,196,2
v2,1,neat-discrete-v2-200g-run1,197,2
v2,1,neat-discrete-v2-200g-run1,198,2
v2,1,neat-discrete-v2-200g-run1,199,2
v2,1,neat-discrete-v2-200g-run1,200,2
v2,2,neat-discrete-v2-200g-run2,1,8
v2,2,neat-discrete-v2-200g-run2,2,8
v2,2,neat-discrete-v2-200g-run2,3,8
v2,2,neat-discrete-v2-200g-run2,4,8
v2,2,neat-discrete-v2-200g-run2,5,8
v2,2,neat-discrete-v2-200g-run2,6,8
v2,2,neat-discrete-v2-200g-run2,7,8
v2,2,neat-discrete-v2-200g-run2,8,8
v2,2,neat-discrete-v2-200g-run2,9,8
v2,2,neat-discrete-v2-200g-run2,10,8
v2,2,neat-discrete-v2-200g-run2,11,8
v2,2,neat-discrete-v2-200g-run2,12,8
v2,2,neat-discrete-v2-200g-run2,13,8
v2,2,neat-discrete-v2-200g-run2,14,8
v2,2,neat-discrete-v2-200g-run2,15,8
v2,2,neat-discrete-v2-200g-run2,16,6
v2,2,neat-discrete-v2-200g-run2,17,6
v2,2,neat-discrete-v2-200g-run2,18,5
v2,2,neat-discrete-v2-200g-run2,19,5
v2,2,neat-discrete-v2-200g-run2,20,5
v2,2,neat-discrete-v2-200g-run2,21,5
v2,2,neat-discrete-v2-200g-run2,22,4
v2,2,neat-discrete-v2-200g-run2,23,4
v2,2,neat-discrete-v2-200g-run2,24,4
v2,2,neat-discrete-v2-200g-run2,25,4
v2,2,neat-discrete-v2-200g-run2,26,4
v2,2,neat-discrete-v2-200g-run2,27,4
v2,2,neat-discrete-v2-200g-run2,28,4
v2,2,neat-discrete-v2-200g-run2,29,4
v2,2,neat-discrete-v2-200g-run2,30,4
v2,2,neat-discrete-v2-200g-run2,31,4
v2,2,neat-discrete-v2-200g-run2,32,4
v2,2,neat-discrete-v2-200g-run2,33,4
v2,2,neat-discrete-v2-200g-run2,34,4
v2,2,neat-discrete-v2-200g-run2,35,4
v2,2,neat-discrete-v2-200g-run2,36,3
v2,2,neat-discrete-v2-200g-run2,37,3
v2,2,neat-discrete-v2-200g-run2,38,3
v2,2,neat-discrete-v2-200g-run2,39,3
v2,2,neat-discrete-v2-200g-run2,40,3
v2,2,neat-discrete-v2-200g-run2,41,3
v2,2,neat-discrete-v2-200g-run2,42,3
v2,2,neat-discrete-v2-200g-run2,43,3
v2,2,neat-discrete-v2-200g-run2,44,3
v2,2,neat-discrete-v2-200g-run2,45,3
v2,2,neat-discrete-v2-200g-run2,46,3
v2,2,neat-discrete-v2-200g-run2,47,3
v2,2,neat-discrete-v2-200g-run2,48,3
v2,2,neat-discrete-v2-200g-run2,49,3
v2,2,neat-discrete-v2-200g-run2,50,3
v2,2,neat-discrete-v2-200g-run2,51,3
v2,2,neat-discrete-v2-200g-run2,52,3
v2,2,neat-discrete-v2-200g-run2,53,2
v2,2,neat-discrete-v2-200g-run2,54,2
v2,2,neat-discrete-v2-200g-run2,55,2
v2,2,neat-discrete-v2-200g-run2,56,2
v2,2,neat-discrete-v2-200g-run2,57,2
v2,2,neat-discrete-v2-200g-run2,58,2
v2,2,neat-discrete-v2-200g-run2,59,2
v2,2,neat-discrete-v2-200g-run2,60,2
v2,2,neat-discrete-v2-200g-run2,61,2
v2,2,neat-discrete-v2-200g-run2,62,2
v2,2,neat-discrete-v2-200g-run2,63,2
v2,2,neat-discrete-v2-200g-run2,64,2
v2,2,neat-discrete-v2-200g-run2,65,2
v2,2,neat-discrete-v2-200g-run2,66,2
v2,2,neat-discrete-v2-200g-run2,67,2
v2,2,neat-discrete-v2-200g-run2,68,2
v2,2,neat-discrete-v2-200g-run2,69,2
v2,2,neat-discrete-v2-200g-run2,70,2
v2,2,neat-discrete-v2-200g-run2,71,3
v2,2,neat-discrete-v2-200g-run2,72,2
v2,2,neat-discrete-v2-200g-run2,73,2
v2,2,neat-discrete-v2-200g-run2,74,2
v2,2,neat-discrete-v2-200g-run2,75,2
v2,2,neat-discrete-v2-200g-run2,76,2
v2,2,neat-discrete-v2-200g-run2,77,2
v2,2,neat-discrete-v2-200g-run2,78,2
v2,2,neat-discrete-v2-200g-run2,79,2
v2,2,neat-discrete-v2-200g-run2,80,2
v2,2,neat-discrete-v2-200g-run2,81,2
v2,2,neat-discrete-v2-200g-run2,82,2
v2,2,neat-discrete-v2-200g-run2,83,2
v2,2,neat-discrete-v2-200g-run2,84,2
v2,2,neat-discrete-v2-200g-run2,85,2
v2,2,neat-discrete-v2-200g-run2,86,2
v2,2,neat-discrete-v2-200g-run2,87,2
v2,2,neat-discrete-v2-200g-run2,88,2
v2,2,neat-discrete-v2-200g-run2,89,2
v2,2,neat-discrete-v2-200g-run2,90,2
v2,2,neat-discrete-v2-200g-run2,91,2
v2,2,neat-discrete-v2-200g-run2,92,2
v2,2,neat-discrete-v2-200g-run2,93,2
v2,2,neat-discrete-v2-200g-run2,94,2
v2,2,neat-discrete-v2-200g-run2,95,2
v2,2,neat-discrete-v2-200g-run2,96,2
v2,2,neat-discrete-v2-200g-run2,97,2
v2,2,neat-discrete-v2-200g-run2,98,2
v2,2,neat-discrete-v2-200g-run2,99,2
v2,2,neat-discrete-v2-200g-run2,100,2
v2,2,neat-discrete-v2-200g-run2,101,2
v2,2,neat-discrete-v2-200g-run2,102,2
v2,2,neat-discrete-v2-200g-run2,103,2
v2,2,neat-discrete-v2-200g-run2,104,2
v2,2,neat-discrete-v2-200g-run2,105,2
v2,2,neat-discrete-v2-200g-run2,106,2
v2,2,neat-discrete-v2-200g-run2,107,2
v2,2,neat-discrete-v2-200g-run2,108,2
v2,2,neat-discrete-v2-200g-run2,109,2
v2,2,neat-discrete-v2-200g-run2,110,2
v2,2,neat-discrete-v2-200g-run2,111,2
v2,2,neat-discrete-v2-200g-run2,112,2
v2,2,neat-discrete-v2-200g-run2,113,2
v2,2,neat-discrete-v2-200g-run2,114,2
v2,2,neat-discrete-v2-200g-run2,115,2
v2,2,neat-discrete-v2-200g-run2,116,2
v2,2,neat-discrete-v2-200g-run2,117,2
v2,2,neat-discrete-v2-200g-run2,118,2
v2,2,neat-discrete-v2-200g-run2,119,3
v2,2,neat-discrete-v2-200g-run2,120,3
v2,2,neat-discrete-v2-200g-run2,121,3
v2,2,neat-discrete-v2-200g-run2,122,3
v2,2,neat-discrete-v2-200g-run2,123,4
v2,2,neat-discrete-v2-200g-run2,124,4
v2,2,neat-discrete-v2-200g-run2,125,3
v2,2,neat-discrete-v2-200g-run2,126,4
v2,2,neat-discrete-v2-200g-run2,127,4
v2,2,neat-discrete-v2-200g-run2,128,3
v2,2,neat-discrete-v2-200g-run2,129,3
v2,2,neat-discrete-v2-200g-run2,130,3
v2,2,neat-discrete-v2-200g-run2,131,3
v2,2,neat-discrete-v2-200g-run2,132,3
v2,2,neat-discrete-v2-200g-run2,133,3
v2,2,neat-discrete-v2-200g-run2,134,3
v2,2,neat-discrete-v2-200g-run2,135,3
v2,2,neat-discrete-v2-200g-run2,136,3
v2,2,neat-discrete-v2-200g-run2,137,3
v2,2,neat-discrete-v2-200g-run2,138,3
v2,2,neat-discrete-v2-200g-run2,139,3
v2,2,neat-discrete-v2-200g-run2,140,3
v2,2,neat-discrete-v2-200g-run2,141,3
v2,2,neat-discrete-v2-200g-run2,142,3
v2,2,neat-discrete-v2-200g-run2,143,3
v2,2,neat-discrete-v2-200g-run2,144,3
v2,2,neat-discrete-v2-200g-run2,145,3
v2,2,neat-discrete-v2-200g-run2,146,3
v2,2,neat-discrete-v2-200g-run2,147,2
v2,2,neat-discrete-v2-200g-run2,148,2
v2,2,neat-discrete-v2-200g-run2,149,2
v2,2,neat-discrete-v2-200g-run2,150,2
v2,2,neat-discrete-v2-200g-run2,151,2
v2,2,neat-discrete-v2-200g-run2,152,2
v2,2,neat-discrete-v2-200g-run2,153,2
v2,2,neat-discrete-v2-200g-run2,154,2
v2,2,neat-discrete-v2-200g-run2,155,2
v2,2,neat-discrete-v2-200g-run2,156,2
v2,2,neat-discrete-v2-200g-run2,157,2
v2,2,neat-discrete-v2-200g-run2,158,2
v2,2,neat-discrete-v2-200g-run2,159,2
v2,2,neat-discrete-v2-200g-run2,160,2
v2,2,neat-discrete-v2-200g-run2,161,2
v2,2,neat-discrete-v2-200g-run2,162,2
v2,2,neat-discrete-v2-200g-run2,163,2
v2,2,neat-discrete-v2-200g-run2,164,2
v2,2,neat-discrete-v2-200g-run2,165,2
v2,2,neat-discrete-v2-200g-run2,166,2
v2,2,neat-discrete-v2-200g-run2,167,3
v2,2,neat-discrete-v2-200g-run2,168,3
v2,2,neat-discrete-v2-200g-run2,169,2
v2,2,neat-discrete-v2-200g-run2,170,2
v2,2,neat-discrete-v2-200g-run2,171,2
v2,2,neat-discrete-v2-200g-run2,172,2
v2,2,neat-discrete-v2-200g-run2,173,2
v2,2,neat-discrete-v2-200g-run2,174,2
v2,2,neat-discrete-v2-200g-run2,175,2
v2,2,neat-discrete-v2-200g-run2,176,2
v2,2,neat-discrete-v2-200g-run2,177,2
v2,2,neat-discrete-v2-200g-run2,178,2
v2,2,neat-discrete-v2-200g-run2,179,2
v2,2,neat-discrete-v2-200g-run2,180,2
v2,2,neat-discrete-v2-200g-run2,181,2
v2,2,neat-discrete-v2-200g-run2,182,2
v2,2,neat-discrete-v2-200g-run2,183,2
v2,2,neat-discrete-v2-200g-run2,184,2
v2,2,neat-discrete-v2-200g-run2,185,2
v2,2,neat-discrete-v2-200g-run2,186,2
v2,2,neat-discrete-v2-200g-run2,187,2
v2,2,neat-discrete-v2-200g-run2,188,2
v2,2,neat-discrete-v2-200g-run2,189,2
v2,2,neat-discrete-v2-200g-run2,190,2
v2,2,neat-discrete-v2-200g-run2,191,2
v2,2,neat-discrete-v2-200g-run2,192,2
v2,2,neat-discrete-v2-200g-run2,193,2
v2,2,neat-discrete-v2-200g-run2,194,2
v2,2,neat-discrete-v2-200g-run2,195,2
v2,2,neat-discrete-v2-200g-run2,196,2
v2,2,neat-discrete-v2-200g-run2,197,3
v2,2,neat-discrete-v2-200g-run2,198,3
v2,2,neat-discrete-v2-200g-run2,199,3
v2,2,neat-discrete-v2-200g-run2,200,3
v2,3,neat-discrete-v2-200g-run3,1,7
v2,3,neat-discrete-v2-200g-run3,2,7
v2,3,neat-discrete-v2-200g-run3,3,7
v2,3,neat-discrete-v2-200g-run3,4,7
v2,3,neat-discrete-v2-200g-run3,5,7
v2,3,neat-discrete-v2-200g-run3,6,7
v2,3,neat-discrete-v2-200g-run3,7,7
v2,3,neat-discrete-v2-200g-run3,8,7
v2,3,neat-discrete-v2-200g-run3,9,7
v2,3,neat-discrete-v2-200g-run3,10,7
v2,3,neat-discrete-v2-200g-run3,11,7
v2,3,neat-discrete-v2-200g-run3,12,7
v2,3,neat-discrete-v2-200g-run3,13,7
v2,3,neat-discrete-v2-200g-run3,14,7
v2,3,neat-discrete-v2-200g-run3,15,7
v2,3,neat-discrete-v2-200g-run3,16,7
v2,3,neat-discrete-v2-200g-run3,17,7
v2,3,neat-discrete-v2-200g-run3,18,7
v2,3,neat-discrete-v2-200g-run3,19,7
v2,3,neat-discrete-v2-200g-run3,20,6
v2,3,neat-discrete-v2-200g-run3,21,6
v2,3,neat-discrete-v2-200g-run3,22,5
v2,3,neat-discrete-v2-200g-run3,23,5
v2,3,neat-discrete-v2-200g-run3,24,4
v2,3,neat-discrete-v2-200g-run3,25,4
v2,3,neat-discrete-v2-200g-run3,26,4
v2,3,neat-discrete-v2-200g-run3,27,4
v2,3,neat-discrete-v2-200g-run3,28,3
v2,3,neat-discrete-v2-200g-run3,29,3
v2,3,neat-discrete-v2-200g-run3,30,3
v2,3,neat-discrete-v2-200g-run3,31,3
v2,3,neat-discrete-v2-200g-run3,32,3
v2,3,neat-discrete-v2-200g-run3,33,3
v2,3,neat-discrete-v2-200g-run3,34,3
v2,3,neat-discrete-v2-200g-run3,35,3
v2,3,neat-discrete-v2-200g-run3,36,3
v2,3,neat-discrete-v2-200g-run3,37,3
v2,3,neat-discrete-v2-200g-run3,38,3
v2,3,neat-discrete-v2-200g-run3,39,3
v2,3,neat-discrete-v2-200g-run3,40,3
v2,3,neat-discrete-v2-200g-run3,41,3
v2,3,neat-discrete-v2-200g-run3,42,3
v2,3,neat-discrete-v2-200g-run3,43,3
v2,3,neat-discrete-v2-200g-run3,44,3
v2,3,neat-discrete-v2-200g-run3,45,3
v2,3,neat-discrete-v2-200g-run3,46,3
v2,3,neat-discrete-v2-200g-run3,47,3
v2,3,neat-discrete-v2-200g-run3,48,3
v2,3,neat-discrete-v2-200g-run3,49,3
v2,3,neat-discrete-v2-200g-run3,50,3
v2,3,neat-discrete-v2-200g-run3,51,3
v2,3,neat-discrete-v2-200g-run3,52,2
v2,3,neat-discrete-v2-200g-run3,53,2
v2,3,neat-discrete-v2-200g-run3,54,2
v2,3,neat-discrete-v2-200g-run3,55,2
v2,3,neat-discrete-v2-200g-run3,56,2
v2,3,neat-discrete-v2-200g-run3,57,2
v2,3,neat-discrete-v2-200g-run3,58,2
v2,3,neat-discrete-v2-200g-run3,59,2
v2,3,neat-discrete-v2-200g-run3,60,2
v2,3,neat-discrete-v2-200g-run3,61,2
v2,3,neat-discrete-v2-200g-run3,62,2
v2,3,neat-discrete-v2-200g-run3,63,2
v2,3,neat-discrete-v2-200g-run3,64,2
v2,3,neat-discrete-v2-200g-run3,65,2
v2,3,neat-discrete-v2-200g-run3,66,2
v2,3,neat-discrete-v2-200g-run3,67,2
v2,3,neat-discrete-v2-200g-run3,68,2
v2,3,neat-discrete-v2-200g-run3,69,2
v2,3,neat-discrete-v2-200g-run3,70,2
v2,3,neat-discrete-v2-200g-run3,71,2
v2,3,neat-discrete-v2-200g-run3,72,2
v2,3,neat-discrete-v2-200g-run3,73,2
v2,3,neat-discrete-v2-200g-run3,74,2
v2,3,neat-discrete-v2-200g-run3,75,2
v2,3,neat-discrete-v2-200g-run3,76,2
v2,3,neat-discrete-v2-200g-run3,77,2
v2,3,neat-discrete-v2-200g-run3,78,2
v2,3,neat-discrete-v2-200g-run3,79,2
v2,3,neat-discrete-v2-200g-run3,80,2
v2,3,neat-discrete-v2-200g-run3,81,2
v2,3,neat-discrete-v2-200g-run3,82,2
v2,3,neat-discrete-v2-200g-run3,83,2
v2,3,neat-discrete-v2-200g-run3,84,2
v2,3,neat-discrete-v2-200g-run3,85,2
v2,3,neat-discrete-v2-200g-run3,86,2
v2,3,neat-discrete-v2-200g-run3,87,2
v2,3,neat-discrete-v2-200g-run3,88,2
v2,3,neat-discrete-v2-200g-run3,89,2
v2,3,neat-discrete-v2-200g-run3,90,2
v2,3,neat-discrete-v2-200g-run3,91,2
v2,3,neat-discrete-v2-200g-run3,92,2
v2,3,neat-discrete-v2-200g-run3,93,2
v2,3,neat-discrete-v2-200g-run3,94,2
v2,3,neat-discrete-v2-200g-run3,95,2
v2,3,neat-discrete-v2-200g-run3,96,2
v2,3,neat-discrete-v2-200g-run3,97,2
v2,3,neat-discrete-v2-200g-run3,98,2
v2,3,neat-discrete-v2-200g-run3,99,2
v2,3,neat-discrete-v2-200g-run3,100,2
v2,3,neat-discrete-v2-200g-run3,101,2
v2,3,neat-discrete-v2-200g-run3,102,2
v2,3,neat-discrete-v2-200g-run3,103,2
v2,3,neat-discrete-v2-200g-run3,104,2
v2,3,neat-discrete-v2-200g-run3,105,2
v2,3,neat-discrete-v2-200g-run3,106,2
v2,3,neat-discrete-v2-200g-run3,107,2
v2,3,neat-discrete-v2-200g-run3,108,2
v2,3,neat-discrete-v2-200g-run3,109,2
v2,3,neat-discrete-v2-200g-run3,110,2
v2,3,neat-discrete-v2-200g-run3,111,2
v2,3,neat-discrete-v2-200g-run3,112,2
v2,3,neat-discrete-v2-200g-run3,113,2
v2,3,neat-discrete-v2-200g-run3,114,2
v2,3,neat-discrete-v2-200g-run3,115,2
v2,3,neat-discrete-v2-200g-run3,116,2
v2,3,neat-discrete-v2-200g-run3,117,2
v2,3,neat-discrete-v2-200g-run3,118,2
v2,3,neat-discrete-v2-200g-run3,119,2
v2,3,neat-discrete-v2-200g-run3,120,2
v2,3,neat-discrete-v2-200g-run3,121,2
v2,3,neat-discrete-v2-200g-run3,122,2
v2,3,neat-discrete-v2-200g-run3,123,2
v2,3,neat-discrete-v2-200g-run3,124,2
v2,3,neat-discrete-v2-200g-run3,125,2
v2,3,neat-discrete-v2-200g-run3,126,2
v2,3,neat-discrete-v2-200g-run3,127,2
v2,3,neat-discrete-v2-200g-run3,128,2
v2,3,neat-discrete-v2-200g-run3,129,2
v2,3,neat-discrete-v2-200g-run3,130,2
v2,3,neat-discrete-v2-200g-run3,131,2
v2,3,neat-discrete-v2-200g-run3,132,2
v2,3,neat-discrete-v2-200g-run3,133,2
v2,3,neat-discrete-v2-200g-run3,134,2
v2,3,neat-discrete-v2-200g-run3,135,2
v2,3,neat-discrete-v2-200g-run3,136,2
v2,3,neat-discrete-v2-200g-run3,137,2
v2,3,neat-discrete-v2-200g-run3,138,2
v2,3,neat-discrete-v2-200g-run3,139,2
v2,3,neat-discrete-v2-200g-run3,140,2
v2,3,neat-discrete-v2-200g-run3,141,2
v2,3,neat-discrete-v2-200g-run3,142,2
v2,3,neat-discrete-v2-200g-run3,143,2
v2,3,neat-discrete-v2-200g-run3,144,2
v2,3,neat-discrete-v2-200g-run3,145,2
v2,3,neat-discrete-v2-200g-run3,146,2
v2,3,neat-discrete-v2-200g-run3,147,2
v2,3,neat-discrete-v2-200g-run3,148,2
v2,3,neat-discrete-v2-200g-run3,149,2
v2,3,neat-discrete-v2-200g-run3,150,2
v2,3,neat-discrete-v2-200g-run3,151,2
v2,3,neat-discrete-v2-200g-run3,152,2
v2,3,neat-discrete-v2-200g-run3,153,2
v2,3,neat-discrete-v2-200g-run3,154,2
v2,3,neat-discrete-v2-200g-run3,155,2
v2,3,neat-discrete-v2-200g-run3,156,2
v2,3,neat-discrete-v2-200g-run3,157,2
v2,3,neat-discrete-v2-200g-run3,158,2
v2,3,neat-discrete-v2-200g-run3,159,2
v2,3,neat-discrete-v2-200g-run3,160,2
v2,3,neat-discrete-v2-200g-run3,161,2
v2,3,neat-discrete-v2-200g-run3,162,2
v2,3,neat-discrete-v2-200g-run3,163,2
v2,3,neat-discrete-v2-200g-run3,164,2
v2,3,neat-discrete-v2-200g-run3,165,2
v2,3,neat-discrete-v2-200g-run3,166,2
v2,3,neat-discrete-v2-200g-run3,167,2
v2,3,neat-discrete-v2-200g-run3,168,2
v2,3,neat-discrete-v2-200g-run3,169,2
v2,3,neat-discrete-v2-200g-run3,170,2
v2,3,neat-discrete-v2-200g-run3,171,2
v2,3,neat-discrete-v2-200g-run3,172,2
v2,3,neat-discrete-v2-200g-run3,173,2
v2,3,neat-discrete-v2-200g-run3,174,2
v2,3,neat-discrete-v2-200g-run3,175,2
v2,3,neat-discrete-v2-200g-run3,176,2
v2,3,neat-discrete-v2-200g-run3,177,2
v2,3,neat-discrete-v2-200g-run3,178,2
v2,3,neat-discrete-v2-200g-run3,179,2
v2,3,neat-discrete-v2-200g-run3,180,2
v2,3,neat-discrete-v2-200g-run3,181,2
v2,3,neat-discrete-v2-200g-run3,182,2
v2,3,neat-discrete-v2-200g-run3,183,2
v2,3,neat-discrete-v2-200g-run3,184,2
v2,3,neat-discrete-v2-200g-run3,185,2
v2,3,neat-discrete-v2-200g-run3,186,2
v2,3,neat-discrete-v2-200g-run3,187,2
v2,3,neat-discrete-v2-200g-run3,188,2
v2,3,neat-discrete-v2-200g-run3,189,2
v2,3,neat-discrete-v2-200g-run3,190,2
v2,3,neat-discrete-v2-200g-run3,191,2
v2,3,neat-discrete-v2-200g-run3,192,2
v2,3,neat-discrete-v2-200g-run3,193,2
v2,3,neat-discrete-v2-200g-run3,194,2
v2,3,neat-discrete-v2-200g-run3,195,2
v2,3,neat-discrete-v2-200g-run3,196,2
v2,3,neat-discrete-v2-200g-run3,197,2
v2,3,neat-discrete-v2-200g-run3,198,2
v2,3,neat-discrete-v2-200g-run3,199,2
v2,3,neat-discrete-v2-200g-run3,200,2
