generation,genome_id,episode_index,seed,fitness,final_score,life_loss_count,survival_time,episode_reward,collisions,obstacles_avoided,max_level,hearts_collected,shields_collected,boosts_collected,gold_collected,diamonds_collected,turbo_activations,terminal_reason,terminated,truncated,decision_count,python_reward_sum
1,3,1,30847768,0.9091282653808594,240.91282653808594,3,11.430166244506836,0.9091281890869141,5,2,1,0,0,1,5,1,0,LivesExhausted,True,False,229,0.9091282188892365
1,2,2,11368174,1.3074356079101563,280.7435607910156,3,13.500213623046875,1.3074355125427246,4,4,1,0,0,0,8,0,0,LivesExhausted,True,False,270,1.3074355982244015
1,3,2,11368174,1.5024038696289064,300.2403869628906,3,13.780220031738281,1.502403736114502,4,5,1,0,0,0,8,0,0,LivesExhausted,True,False,276,1.5024037919938564
1,1,1,30847768,1.5184234619140624,301.84234619140625,3,15.690263748168945,1.5184235572814941,6,2,1,0,0,0,10,0,0,LivesExhausted,True,False,314,1.5184234604239464
1,1,2,11368174,1.849386901855469,334.9386901855469,3,16.900291442871094,1.8493869304656982,5,2,1,0,0,0,5,0,0,LivesExhausted,True,False,338,1.8493868634104729
1,2,1,30847768,2.0385000610351565,353.8500061035156,3,17.77031135559082,2.0384998321533203,5,3,1,0,0,1,8,0,0,LivesExhausted,True,False,356,2.0384999811649323
1,4,1,30847768,0.8999899291992186,239.99899291992188,3,11.390165328979492,0.8999899625778198,5,2,1,0,0,1,4,1,0,LivesExhausted,True,False,228,0.899989893194288
1,5,1,30847768,1.0510394287109377,255.10394287109375,3,11.610170364379883,1.0510393381118774,5,2,1,0,0,0,10,0,0,LivesExhausted,True,False,233,1.0510393776930869
1,4,2,11368174,1.3056570434570314,280.5657043457031,3,12.900199890136719,1.305656909942627,4,3,1,0,0,0,9,0,0,LivesExhausted,True,False,258,1.3056569742038846
1,6,2,11368174,1.5299539184570312,302.9953918457031,3,13.480213165283203,1.529953956604004,4,5,1,0,0,0,9,0,0,LivesExhausted,True,False,270,1.529953838326037
1,6,1,30847768,1.8725515747070314,337.2551574707031,3,15.130250930786133,1.872551441192627,5,4,1,0,0,0,8,0,0,LivesExhausted,True,False,303,1.8725514812394977
1,5,2,11368174,2.373007507324219,387.3007507324219,3,17.50030517578125,2.373007297515869,5,5,1,0,0,0,5,0,0,LivesExhausted,True,False,350,2.373007398098707
1,7,1,30847768,1.0964035034179687,259.6403503417969,3,12.090181350708008,1.0964033603668213,4,4,1,0,0,0,9,0,0,LivesExhausted,True,False,242,1.0964034427888691
1,8,1,30847768,1.0269833374023438,252.69833374023438,3,11.940177917480469,1.0269832611083984,6,1,1,0,0,1,10,1,0,LivesExhausted,True,False,239,1.0269832802005112
1,7,2,11368174,1.2138906860351564,271.3890686035156,3,12.870199203491211,1.2138906717300415,4,3,1,0,0,0,9,0,0,LivesExhausted,True,False,258,1.2138906312175095
1,9,1,30847768,1.2298425292968749,272.9842529296875,3,12.930200576782227,1.2298424243927002,6,2,1,0,0,1,9,1,0,LivesExhausted,True,False,259,1.2298424732871354
1,8,2,11368174,1.508489990234375,300.8489990234375,3,14.430234909057617,1.5084898471832275,4,4,1,0,0,0,9,0,0,LivesExhausted,True,False,289,1.5084898653440177
1,9,2,11368174,1.224873046875,272.4873046875,3,12.710195541381836,1.2248729467391968,4,3,1,0,0,0,9,0,0,LivesExhausted,True,False,255,1.224872982595116
1,10,1,30847768,1.8758886718749999,337.5888671875,3,15.400257110595703,1.8758885860443115,7,2,1,0,0,1,9,1,0,LivesExhausted,True,False,308,1.875888604670763
1,10,2,11368174,1.370494384765625,287.0494384765625,3,13.100204467773438,1.3704942464828491,4,3,1,0,0,0,9,0,0,LivesExhausted,True,False,262,1.3704943009652197
1,11,1,30847768,1.407481689453125,290.7481689453125,3,13.200206756591797,1.4074816703796387,6,3,1,0,0,0,10,0,0,LivesExhausted,True,False,264,1.40748160937801
1,12,2,11368174,1.1672708129882814,266.7270812988281,3,12.880199432373047,1.1672706604003906,4,3,1,0,0,0,8,0,0,LivesExhausted,True,False,258,1.1672707642428577
1,13,2,11368174,0.8351824951171873,233.51824951171875,3,10.970155715942383,0.8351823091506958,3,4,1,0,0,0,4,0,0,LivesExhausted,True,False,220,0.8351824320852757
1,12,1,30847768,2.02058837890625,352.058837890625,3,16.71028709411621,2.0205883979797363,5,4,1,0,0,0,9,0,0,LivesExhausted,True,False,335,2.020588242681697
1,11,2,11368174,2.449057922363281,394.9057922363281,3,18.640331268310547,2.4490578174591064,5,4,1,0,0,0,5,0,0,LivesExhausted,True,False,373,2.4490578561089933
1,14,1,30847768,1.4068170166015626,290.68170166015625,3,13.740219116210938,1.406817078590393,6,1,1,0,0,0,10,0,0,LivesExhausted,True,False,275,1.4068169533275068
1,13,1,30847768,2.221643371582031,372.1643371582031,3,17.930315017700195,2.2216432094573975,6,3,1,0,0,0,8,0,0,LivesExhausted,True,False,359,2.2216432755813003
1,15,2,11368174,1.3156265258789062,281.5626525878906,3,12.670194625854492,1.3156263828277588,5,3,1,0,0,0,10,0,0,LivesExhausted,True,False,254,1.315626464318484
1,15,1,30847768,1.3722055053710935,287.2205505371094,3,12.97020149230957,1.372205376625061,5,3,1,0,0,0,8,0,0,LivesExhausted,True,False,260,1.3722054297104478
1,14,2,11368174,2.1808096313476564,368.0809631347656,3,16.840290069580078,2.180809736251831,5,5,1,0,0,0,5,0,0,LivesExhausted,True,False,337,2.1808095406740904
1,16,1,30847768,1.4238739013671875,292.38739013671875,3,13.090204238891602,1.4238736629486084,7,1,1,0,0,0,8,0,0,LivesExhausted,True,False,262,1.4238738398998976
1,16,2,11368174,1.4086535644531248,290.8653564453125,3,13.270208358764648,1.408653736114502,5,4,1,0,0,0,10,0,0,LivesExhausted,True,False,266,1.4086535079404712
1,17,1,30847768,1.4651000976562498,296.510009765625,3,13.490213394165039,1.465099811553955,5,4,1,0,0,1,8,0,0,LivesExhausted,True,False,270,1.4651000341400504
1,18,1,30847768,1.1511273193359375,265.11273193359375,3,11.900177001953125,1.1511272192001343,4,3,1,0,0,0,8,0,0,LivesExhausted,True,False,238,1.1511272639036179
1,17,2,11368174,1.527311096191406,302.7311096191406,3,13.670217514038086,1.527310848236084,5,4,1,0,0,0,8,0,0,LivesExhausted,True,False,274,1.5273110223934054
1,19,2,11368174,1.5005923461914064,300.0592346191406,3,13.320209503173828,1.5005924701690674,4,5,1,0,0,0,8,0,0,LivesExhausted,True,False,267,1.5005923169665039
1,19,1,30847768,2.0168533325195312,351.6853332519531,3,15.620262145996094,2.0168533325195312,5,6,1,0,0,0,9,0,0,LivesExhausted,True,False,313,2.016853244509548
1,18,2,11368174,2.3412271118164063,384.1227111816406,3,17.100296020507812,2.3412270545959473,6,6,1,0,0,0,8,0,0,LivesExhausted,True,False,342,2.3412270499393344
1,20,1,30847768,1.719299011230469,321.9299011230469,3,14.740242004394531,1.719299077987671,7,2,1,0,0,1,9,1,0,LivesExhausted,True,False,295,1.7192989443428814
1,20,2,11368174,1.2625985717773438,276.2598571777344,3,12.770196914672852,1.2625985145568848,4,3,1,0,0,0,9,0,0,LivesExhausted,True,False,256,1.2625985057093203
1,21,1,30847768,1.7799417114257814,327.9941711425781,3,15.250253677368164,1.7799415588378906,5,3,1,0,0,0,10,0,0,LivesExhausted,True,False,305,1.7799416538327932
1,22,1,30847768,1.1855981445312498,268.559814453125,3,12.520191192626953,1.1855980157852173,4,4,1,0,0,1,9,0,0,LivesExhausted,True,False,251,1.1855980749242008
1,22,2,11368174,1.1815457153320312,268.1545715332031,3,12.38018798828125,1.181545615196228,6,2,1,0,0,0,9,0,0,LivesExhausted,True,False,248,1.1815456533804536
1,21,2,11368174,1.6394473266601564,313.9447326660156,3,14.760242462158203,1.6394472122192383,4,4,1,0,0,0,9,0,0,LivesExhausted,True,False,296,1.639447252964601
1,23,2,11368174,1.411890869140625,291.1890869140625,3,13.160205841064453,1.4118907451629639,5,3,1,0,0,0,5,0,0,LivesExhausted,True,False,264,1.4118908452801406
1,23,1,30847768,2.1372003173828125,363.72003173828125,3,16.800289154052734,2.137200355529785,5,4,1,0,0,0,10,0,0,LivesExhausted,True,False,336,2.1372001906856894
1,24,1,30847768,1.193723449707031,269.3723449707031,3,12.300186157226562,1.1937233209609985,5,3,1,0,0,0,10,0,0,LivesExhausted,True,False,246,1.1937234210781753
1,25,1,30847768,1.0704162597656248,257.0416259765625,3,11.64017105102539,1.0704160928726196,5,2,1,0,0,0,10,0,0,LivesExhausted,True,False,233,1.0704162241891026
1,24,2,11368174,2.4993850708007814,399.9385070800781,3,18.09031867980957,2.499385118484497,5,6,1,0,0,0,5,0,0,LivesExhausted,True,False,362,2.499385004863143
1,25,2,11368174,2.4013540649414065,390.1354064941406,3,17.260299682617188,2.4013538360595703,5,5,1,0,0,0,5,0,0,LivesExhausted,True,False,346,2.4013540083542466
1,26,1,30847768,1.0113796997070312,251.13796997070312,3,11.300163269042969,1.011379599571228,5,2,1,0,0,0,10,0,0,LivesExhausted,True,False,226,1.0113796615041792
1,27,1,30847768,1.0935516357421875,259.35516357421875,3,11.860176086425781,1.093551516532898,5,2,1,0,0,0,10,0,0,LivesExhausted,True,False,238,1.0935515780001879
1,26,2,11368174,2.2340353393554686,373.4035339355469,3,17.06029510498047,2.2340352535247803,5,5,1,0,0,0,5,0,0,LivesExhausted,True,False,342,2.2340352796018124
1,27,2,11368174,2.4046820068359374,390.46820068359375,3,17.850313186645508,2.404681921005249,5,5,1,0,0,0,5,0,0,LivesExhausted,True,False,357,2.404681917047128
1,28,1,30847768,1.2870581054687502,278.705810546875,3,13.260208129882812,1.2870581150054932,6,1,1,0,0,0,10,0,0,LivesExhausted,True,False,266,1.2870580586604774
1,29,1,30847768,1.5999481201171877,309.99481201171875,3,14.860244750976562,1.5999479293823242,7,2,1,0,0,1,9,1,0,LivesExhausted,True,False,298,1.5999479978345335
1,28,2,11368174,2.189025573730469,368.9025573730469,3,17.790311813354492,2.189025402069092,5,3,1,0,0,0,5,0,0,LivesExhausted,True,False,356,2.1890255007892847
1,29,2,11368174,1.860177001953125,336.0177001953125,3,16.07027244567871,1.8601770401000977,5,5,1,0,0,0,4,0,0,LivesExhausted,True,False,322,1.860176870599389
1,30,2,11368174,1.0297697448730467,252.9769744873047,3,12.070180892944336,1.0297695398330688,4,2,1,0,0,0,9,0,0,LivesExhausted,True,False,242,1.029769643675536
1,30,1,30847768,2.13549072265625,363.549072265625,3,17.470304489135742,2.135490655899048,5,4,1,0,0,0,9,0,0,LivesExhausted,True,False,350,2.135490615386516
1,31,1,30847768,1.154756774902344,265.4756774902344,3,12.710195541381836,1.154756784439087,5,3,1,0,0,0,10,0,0,LivesExhausted,True,False,255,1.1547567211091518
1,32,1,30847768,1.4084243774414062,290.8424377441406,3,15.270254135131836,1.4084243774414062,5,2,1,0,0,0,8,0,0,LivesExhausted,True,False,306,1.408424326684326
1,31,2,11368174,2.231229248046875,373.1229248046875,3,19.180343627929688,2.231229305267334,5,5,1,0,0,0,5,0,0,LivesExhausted,True,False,384,2.2312292004935443
1,32,2,11368174,1.717274169921875,321.7274169921875,3,17.540306091308594,1.7172741889953613,5,4,1,0,0,0,8,0,0,LivesExhausted,True,False,351,1.7172741037793458
1,33,1,30847768,1.4315560913085936,293.1556091308594,3,16.1502742767334,1.431555986404419,5,3,1,0,0,1,10,0,0,LivesExhausted,True,False,323,1.431556056253612
1,34,1,30847768,1.629457702636719,312.9457702636719,3,16.9302921295166,1.6294574737548828,7,2,1,0,0,1,8,1,0,LivesExhausted,True,False,339,1.6294575897045434
1,33,2,11368174,2.29558349609375,379.558349609375,3,20.050363540649414,2.295583486557007,7,3,1,0,0,0,9,0,0,LivesExhausted,True,False,401,2.2955833859741688
1,34,2,11368174,1.2075354003906251,270.7535400390625,3,13.000202178955078,1.2075355052947998,4,3,1,0,0,0,8,0,0,LivesExhausted,True,False,260,1.2075353395193815
1,35,1,30847768,1.8089001464843748,330.8900146484375,3,15.21025276184082,1.8089001178741455,4,6,1,0,0,0,10,0,0,LivesExhausted,True,False,305,1.8089001192711294
1,36,1,30847768,1.0416801452636717,254.1680145263672,3,11.540168762207031,1.041680097579956,4,3,1,0,0,0,8,0,0,LivesExhausted,True,False,231,1.0416801117826253
1,35,2,11368174,2.156273193359375,365.6273193359375,3,16.850290298461914,2.156273365020752,5,6,1,0,0,0,5,0,0,LivesExhausted,True,False,337,2.1562731321901083
1,37,1,30847768,0.973352813720703,247.3352813720703,3,11.260162353515625,0.9733527898788452,5,2,1,0,0,0,10,0,0,LivesExhausted,True,False,226,0.9733527535572648
1,36,2,11368174,1.4653781127929686,296.5378112792969,3,13.500213623046875,1.4653780460357666,4,5,1,0,0,0,8,0,0,LivesExhausted,True,False,270,1.4653780786320567
1,38,2,11368174,1.5016314697265627,300.16314697265625,3,13.430212020874023,1.501631259918213,4,5,1,0,0,0,8,0,0,LivesExhausted,True,False,269,1.5016314103268087
1,37,2,11368174,2.7178942871093748,421.7894287109375,3,19.080341339111328,2.7178940773010254,5,6,1,0,0,0,5,0,0,LivesExhausted,True,False,382,2.7178941848687828
1,38,1,30847768,2.103291320800781,360.3291320800781,3,16.140274047851562,2.1032910346984863,5,5,1,0,0,0,10,0,0,LivesExhausted,True,False,323,2.1032912461087108
1,39,1,30847768,1.1516534423828126,265.16534423828125,3,11.800174713134766,1.1516534090042114,4,3,1,0,0,0,8,0,0,LivesExhausted,True,False,236,1.1516533666290343
1,40,1,30847768,1.124647216796875,262.4647216796875,3,11.52016830444336,1.1246470212936401,4,3,1,0,0,0,8,0,0,LivesExhausted,True,False,231,1.1246471609920263
1,39,2,11368174,1.2619192504882815,276.1919250488281,3,12.310186386108398,1.2619192600250244,4,4,1,0,0,0,9,0,0,LivesExhausted,True,False,247,1.2619192083366215
1,41,2,11368174,0.8677322387695314,236.77322387695312,3,11.00015640258789,0.8677322864532471,4,3,1,0,0,0,0,0,0,LivesExhausted,True,False,220,0.8677321905270219
1,41,1,30847768,1.1436755371093752,264.3675537109375,3,12.270185470581055,1.1436755657196045,5,3,1,0,0,0,10,0,0,LivesExhausted,True,False,246,1.1436754600144923
1,40,2,11368174,1.6385049438476562,313.8504943847656,3,14.510236740112305,1.638504981994629,5,4,1,0,0,0,9,0,0,LivesExhausted,True,False,291,1.6385049354285002
1,42,1,30847768,1.095550231933594,259.5550231933594,3,11.84017562866211,1.0955501794815063,6,1,1,0,0,0,9,0,0,LivesExhausted,True,False,237,1.0955501953139901
1,42,2,11368174,2.3210720825195312,382.1072082519531,3,17.850313186645508,2.3210721015930176,5,6,1,0,0,0,5,0,0,LivesExhausted,True,False,357,2.3210719730705023
1,43,1,30847768,3.024342346191406,452.4342346191406,3,21.000385284423828,3.0243422985076904,6,7,1,0,0,2,10,1,1,LivesExhausted,True,False,420,3.024342258926481
1,44,2,11368174,0.8056784057617188,230.56784057617188,3,11.270162582397461,0.8056783676147461,3,4,1,0,0,0,4,0,0,LivesExhausted,True,False,226,0.8056783357169479
1,44,1,30847768,1.143343505859375,264.3343505859375,3,12.80019760131836,1.143343448638916,4,4,1,0,0,0,9,0,0,LivesExhausted,True,False,256,1.1433434467762709
1,45,1,30847768,1.16300048828125,266.300048828125,3,12.990201950073242,1.163000464439392,6,2,1,0,0,1,8,1,0,LivesExhausted,True,False,260,1.1630004262551665
1,43,2,11368174,2.2372360229492188,373.7236022949219,3,18.19032096862793,2.2372357845306396,5,5,1,0,0,0,5,0,0,LivesExhausted,True,False,364,2.2372359544970095
1,45,2,11368174,1.2513296508789065,275.1329650878906,3,13.320209503173828,1.2513295412063599,4,4,1,0,0,0,8,0,0,LivesExhausted,True,False,267,1.2513295444659889
1,47,1,30847768,1.131517333984375,263.1517333984375,3,12.690195083618164,1.1315174102783203,5,3,1,0,0,0,10,0,0,LivesExhausted,True,False,254,1.1315172933973372
1,46,2,11368174,1.3523327636718752,285.2332763671875,3,13.76021957397461,1.3523328304290771,4,4,1,0,0,0,9,0,0,LivesExhausted,True,False,276,1.3523327112197876
1,46,1,30847768,1.9957711791992185,349.5771179199219,3,16.770288467407227,1.9957709312438965,7,3,1,0,0,1,9,1,0,LivesExhausted,True,False,336,1.9957711501047015
1,48,1,30847768,1.0804791259765625,258.04791259765625,3,12.460189819335938,1.0804789066314697,6,2,1,0,0,1,8,1,0,LivesExhausted,True,False,250,1.0804790640249848
1,47,2,11368174,2.30342041015625,380.342041015625,3,18.19032096862793,2.3034205436706543,5,5,1,0,0,0,5,0,0,LivesExhausted,True,False,364,2.303420322947204
1,49,2,11368174,1.1878167724609376,268.78167724609375,3,12.290185928344727,1.1878166198730469,5,3,1,0,0,0,8,0,0,LivesExhausted,True,False,246,1.1878166971728206
1,50,1,30847768,1.1487225341796874,264.87225341796875,3,12.170183181762695,1.1487226486206055,4,4,1,0,0,0,10,0,0,LivesExhausted,True,False,244,1.1487224944867194
1,49,1,30847768,1.7802917480468752,328.0291748046875,3,15.180252075195312,1.7802915573120117,7,3,1,0,1,1,8,0,0,LivesExhausted,True,False,304,1.7802916881628335
1,48,2,11368174,2.7217987060546873,422.17987060546875,3,19.980361938476562,2.7217986583709717,6,5,1,0,0,0,8,0,0,LivesExhausted,True,False,400,2.7217986076138914
1,50,2,11368174,1.3675109863281252,286.7510986328125,3,13.140205383300781,1.3675110340118408,4,4,1,0,0,0,8,0,0,LivesExhausted,True,False,263,1.3675109343603253
1,52,1,30847768,1.2063851928710938,270.6385192871094,3,12.11018180847168,1.2063851356506348,4,4,1,0,0,0,8,0,0,LivesExhausted,True,False,243,1.2063851347193122
1,52,2,11368174,1.3857354736328125,288.57354736328125,3,12.870199203491211,1.385735273361206,4,4,1,0,0,0,9,0,0,LivesExhausted,True,False,258,1.3857354177162051
1,53,1,30847768,1.505318908691406,300.5318908691406,3,13.500213623046875,1.5053188800811768,7,2,1,0,1,1,8,0,0,LivesExhausted,True,False,270,1.5053188507445157
1,51,1,30847768,3.5804553222656246,508.0455322265625,3,22.950429916381836,3.5804553031921387,7,8,1,0,0,0,10,0,0,LivesExhausted,True,False,459,3.580455265706405
1,53,2,11368174,1.5095529174804687,300.9552917480469,3,13.93022346496582,1.5095529556274414,5,4,1,0,0,0,8,0,0,LivesExhausted,True,False,279,1.5095528629608452
1,51,2,11368174,2.6905419921875,419.05419921875,3,19.17034339904785,2.6905417442321777,4,8,1,0,0,0,7,0,0,LivesExhausted,True,False,384,2.690541892312467
1,54,1,30847768,1.357432556152344,285.7432556152344,3,13.210206985473633,1.35743248462677,6,1,1,0,0,0,10,0,0,LivesExhausted,True,False,265,1.3574325065128505
1,55,1,30847768,1.1698767089843751,266.9876708984375,3,12.250185012817383,1.1698765754699707,6,2,1,0,0,1,10,1,0,LivesExhausted,True,False,245,1.1698766469489783
1,55,2,11368174,1.3238961791992185,282.3896179199219,3,12.80019760131836,1.3238959312438965,4,4,1,0,0,0,8,0,0,LivesExhausted,True,False,256,1.3238960881717503
1,56,2,11368174,1.3093130493164065,280.9313049316406,3,12.810197830200195,1.3093130588531494,4,4,1,0,0,0,9,0,0,LivesExhausted,True,False,257,1.3093129708431661
1,54,2,11368174,2.14585693359375,364.585693359375,3,16.96029281616211,2.1458568572998047,5,3,1,0,0,0,5,0,0,LivesExhausted,True,False,340,2.1458568265661597
1,56,1,30847768,1.6725555419921876,317.25555419921875,3,14.57023811340332,1.6725554466247559,5,3,1,0,0,0,9,0,0,LivesExhausted,True,False,292,1.6725554349832237
1,57,1,30847768,1.336944580078125,283.6944580078125,3,13.12020492553711,1.336944341659546,5,3,1,0,0,1,8,0,0,LivesExhausted,True,False,263,1.3369445241987705
1,57,2,11368174,1.4722714233398437,297.2271423339844,3,13.690217971801758,1.4722713232040405,4,4,1,0,0,0,4,0,0,LivesExhausted,True,False,274,1.4722713762894273
1,59,1,30847768,0.9014698791503908,240.14698791503906,3,10.890153884887695,0.9014699459075928,5,2,1,0,0,1,4,1,0,LivesExhausted,True,False,218,0.9014698592945933
1,58,1,30847768,1.7637289428710936,326.3728942871094,3,15.04024887084961,1.7637288570404053,7,2,1,0,0,1,8,1,0,LivesExhausted,True,False,301,1.7637288654223084
1,58,2,11368174,1.499058837890625,299.9058837890625,3,13.750219345092773,1.4990589618682861,4,5,1,0,0,0,8,0,0,LivesExhausted,True,False,275,1.4990587919019163
1,59,2,11368174,1.1536309814453123,265.36309814453125,3,12.180183410644531,1.1536307334899902,4,3,1,0,0,0,9,0,0,LivesExhausted,True,False,244,1.1536309109069407
1,61,1,30847768,1.1028976440429688,260.2897644042969,3,11.910177230834961,1.1028976440429688,6,1,1,0,0,1,9,1,0,LivesExhausted,True,False,239,1.1028976002708077
1,60,2,11368174,1.423736572265625,292.3736572265625,3,13.370210647583008,1.423736572265625,4,5,1,0,0,0,8,0,0,LivesExhausted,True,False,268,1.4237365131266415
1,60,1,30847768,1.8521566772460938,335.2156677246094,3,15.36025619506836,1.8521568775177002,7,2,1,0,0,1,8,1,0,LivesExhausted,True,False,308,1.8521565939299762
1,62,1,30847768,1.0406521606445311,254.06521606445312,3,11.710172653198242,1.0406522750854492,6,1,1,0,0,1,8,1,0,LivesExhausted,True,False,235,1.0406521107070148
1,61,2,11368174,1.4245343017578125,292.45343017578125,3,13.430212020874023,1.4245342016220093,4,5,1,0,0,0,8,0,0,LivesExhausted,True,False,269,1.424534257967025
1,62,2,11368174,1.3707574462890624,287.07574462890625,3,13.150205612182617,1.3707573413848877,4,4,1,0,0,0,8,0,0,LivesExhausted,True,False,263,1.370757392141968
1,63,1,30847768,1.137154541015625,263.7154541015625,3,11.010156631469727,1.1371545791625977,5,2,1,0,0,0,10,0,0,LivesExhausted,True,False,221,1.1371544916182756
1,64,1,30847768,1.2053689575195312,270.5368957519531,3,11.060157775878906,1.2053691148757935,6,1,1,0,0,1,9,1,0,LivesExhausted,True,False,222,1.2053688862361014
1,64,2,11368174,1.53009521484375,303.009521484375,3,11.990179061889648,1.5300959348678589,4,4,1,0,0,0,8,0,0,LivesExhausted,True,False,240,1.5300951718818396
1,63,2,11368174,2.745267639160156,424.5267639160156,3,16.7902889251709,2.745267152786255,5,7,1,0,0,0,5,0,0,LivesExhausted,True,False,336,2.74526753090322
2,24,1,27601169,1.146839294433594,264.6839294433594,3,11.64017105102539,1.1468392610549927,4,3,1,0,0,0,10,0,0,LivesExhausted,True,False,233,1.1468392286915332
2,18,1,27601169,1.1478515625,264.78515625,3,11.830175399780273,1.147851586341858,6,1,1,0,0,0,5,0,0,LivesExhausted,True,False,237,1.147851491579786
2,19,1,27601169,1.337271728515625,283.7271728515625,3,12.540191650390625,1.3372715711593628,7,1,1,0,0,0,5,0,0,LivesExhausted,True,False,251,1.33727169316262
2,19,2,12624922,1.7535714721679687,325.3571472167969,3,14.610239028930664,1.7535715103149414,5,4,1,0,0,0,8,0,0,LivesExhausted,True,False,293,1.753571419045329
2,24,2,12624922,2.0439932250976565,354.3993225097656,3,15.700263977050781,2.0439929962158203,5,6,1,0,0,0,10,0,0,LivesExhausted,True,False,314,2.0439931480214
2,18,2,12624922,2.034465637207031,353.4465637207031,3,15.85026741027832,2.0344653129577637,5,6,1,0,0,0,8,0,0,LivesExhausted,True,False,317,2.0319795626564883
2,29,1,27601169,1.170085754394531,267.0085754394531,3,12.190183639526367,1.1700857877731323,7,1,1,0,0,0,6,0,0,LivesExhausted,True,False,244,1.1700856767129153
2,25,2,12624922,1.6937408447265625,319.37408447265625,3,14.450235366821289,1.6937408447265625,5,3,1,0,0,0,10,0,0,LivesExhausted,True,False,289,1.693740809801966
2,25,1,27601169,1.7897592163085938,328.9759216308594,3,14.910245895385742,1.7897591590881348,5,4,1,0,0,0,10,0,0,LivesExhausted,True,False,299,1.7897591353394091
2,29,2,12624922,1.6860971069335937,318.6097106933594,3,14.52023696899414,1.6860969066619873,5,3,1,0,0,0,8,0,0,LivesExhausted,True,False,291,1.6860970593988895
2,33,2,12624922,1.6587759399414064,315.8775939941406,3,14.320232391357422,1.658775806427002,7,1,1,0,0,0,4,0,0,LivesExhausted,True,False,287,1.6587758641690016
2,33,1,27601169,1.7352584838867187,323.5258483886719,3,14.730241775512695,1.7352583408355713,7,3,1,0,0,0,8,0,0,LivesExhausted,True,False,295,1.7352583990432322
2,37,1,27601169,1.0849734497070314,258.4973449707031,3,11.400165557861328,1.0849733352661133,4,3,1,0,0,0,10,0,0,LivesExhausted,True,False,228,1.0849733967334032
2,35,1,27601169,1.6981854248046875,319.81854248046875,3,14.100227355957031,1.6981854438781738,6,3,1,0,0,0,5,0,0,LivesExhausted,True,False,282,1.6981853931210935
2,43,1,27601169,1.0683010864257811,256.8301086425781,3,11.020156860351562,1.0683010816574097,4,3,1,0,0,0,10,0,0,LivesExhausted,True,False,221,1.0683010322973132
2,35,2,12624922,1.9166854858398437,341.6685485839844,3,15.010248184204102,1.9166853427886963,5,4,1,0,0,0,10,0,0,LivesExhausted,True,False,301,1.9166853935457766
2,37,2,12624922,1.3519168090820313,285.1916809082031,3,12.360187530517578,1.351916790008545,4,4,1,0,0,0,5,0,0,LivesExhausted,True,False,248,1.351916741579771
2,43,2,12624922,1.8526620483398437,335.2662048339844,3,14.72024154663086,1.8526616096496582,5,5,1,0,0,0,10,0,0,LivesExhausted,True,False,295,1.852661951445043
2,48,1,27601169,1.0564718627929688,255.64718627929688,3,11.610170364379883,1.0564719438552856,7,0,1,0,0,0,5,0,0,LivesExhausted,True,False,233,1.0539994928985834
2,51,1,27601169,1.1189669799804687,261.8966979980469,3,11.980178833007812,1.118966817855835,4,3,1,0,0,0,10,0,0,LivesExhausted,True,False,240,1.1189669189043343
2,48,2,12624922,1.7938168334960936,329.3816833496094,3,14.970247268676758,1.7938168048858643,5,4,1,0,0,0,8,0,0,LivesExhausted,True,False,300,1.7938167792744935
2,51,2,12624922,1.4192053222656251,291.9205322265625,3,13.200206756591797,1.4192051887512207,3,5,1,0,0,0,5,0,0,LivesExhausted,True,False,264,1.419205252546817
2,53,1,27601169,1.985013732910156,348.5013732910156,3,16.02027130126953,1.9850139617919922,6,4,1,0,1,0,7,0,0,LivesExhausted,True,False,321,1.9850136726163328
2,53,2,12624922,1.833812561035156,333.3812561035156,3,15.460258483886719,1.8338123559951782,7,3,1,0,0,0,4,0,0,LivesExhausted,True,False,310,1.8338125054724514
2,63,1,27601169,1.6551992797851565,315.5199279785156,3,14.550237655639648,1.6551992893218994,5,4,1,0,0,0,10,0,0,LivesExhausted,True,False,291,1.655199209228158
2,65,1,27601169,1.1103585815429686,261.0358581542969,3,12.020179748535156,1.110358476638794,7,1,1,0,0,0,6,0,0,LivesExhausted,True,False,241,1.1103585166856647
2,63,2,12624922,1.6931588745117185,319.3158874511719,3,14.830244064331055,1.6931588649749756,5,3,1,0,0,0,10,0,0,LivesExhausted,True,False,297,1.693158803973347
2,66,1,27601169,1.2049813842773438,270.4981384277344,3,12.340187072753906,1.2049815654754639,7,1,1,0,0,0,6,0,0,LivesExhausted,True,False,247,1.2049813475459814
2,65,2,12624922,2.734433898925781,423.4433898925781,3,19.32034683227539,2.734433889389038,6,6,1,0,0,0,8,0,0,LivesExhausted,True,False,387,2.7344337911345065
2,67,1,27601169,0.9907658386230467,249.0765838623047,3,11.270162582397461,0.9907658100128174,6,1,1,0,0,0,6,0,0,LivesExhausted,True,False,226,0.9907657830044627
2,66,2,12624922,2.1226535034179688,362.2653503417969,3,16.480281829833984,2.1226534843444824,5,5,1,0,0,0,8,0,0,LivesExhausted,True,False,330,2.122653414029628
2,68,1,27601169,0.9962428283691405,249.62428283691406,3,11.330163955688477,0.9962427616119385,6,1,1,0,0,0,6,0,0,LivesExhausted,True,False,227,0.9962427755817771
2,67,2,12624922,1.787122802734375,328.7122802734375,3,14.790243148803711,1.7871227264404297,5,4,1,0,0,0,8,0,0,LivesExhausted,True,False,296,1.787122743204236
2,68,2,12624922,2.048453369140625,354.8453369140625,3,16.140274047851562,2.0484530925750732,5,5,1,0,0,0,8,0,0,LivesExhausted,True,False,323,2.0484533021226525
2,69,1,27601169,1.4279144287109373,292.79144287109375,3,13.350210189819336,1.4279143810272217,7,2,1,0,0,0,5,0,0,LivesExhausted,True,False,267,1.4279143484309316
2,70,1,27601169,1.1300094604492186,263.0009460449219,3,12.270185470581055,1.130009412765503,6,2,1,0,0,0,5,0,0,LivesExhausted,True,False,246,1.1300094053149223
2,69,2,12624922,2.1338665771484373,363.38665771484375,3,16.770288467407227,2.133866786956787,5,5,1,0,0,0,8,0,0,LivesExhausted,True,False,336,2.1338665117509663
2,71,1,27601169,1.4597158813476563,295.9715881347656,3,13.770219802856445,1.4597158432006836,7,2,1,0,0,0,5,0,0,LivesExhausted,True,False,276,1.4597158133983612
2,70,2,12624922,1.9960501098632815,349.6050109863281,3,16.250276565551758,1.9960501194000244,5,4,1,0,0,0,8,0,0,LivesExhausted,True,False,325,1.9960500593297184
2,72,1,27601169,1.0215278625488282,252.1527862548828,3,11.52016830444336,1.0215277671813965,6,1,1,0,0,0,6,0,0,LivesExhausted,True,False,231,1.0215278156101704
2,71,2,12624922,2.0952444458007813,359.5244445800781,3,16.9302921295166,2.0952444076538086,5,5,1,0,0,0,8,0,0,LivesExhausted,True,False,339,2.095244391122833
2,72,2,12624922,1.6262350463867188,312.6235046386719,3,14.660240173339844,1.626235008239746,5,3,1,0,0,0,8,0,0,LivesExhausted,True,False,294,1.626234938390553
2,73,1,27601169,1.3235870361328126,282.35870361328125,3,13.420211791992188,1.3235870599746704,7,2,1,0,0,0,5,0,0,LivesExhausted,True,False,269,1.3235869533382356
2,73,2,12624922,1.598236389160156,309.8236389160156,3,14.780242919921875,1.598236322402954,5,2,1,0,0,0,8,0,0,LivesExhausted,True,False,296,1.5982363242655993
2,74,1,27601169,2.0182135009765627,351.82135009765625,3,16.74028778076172,2.0182135105133057,5,5,1,0,0,0,10,0,0,LivesExhausted,True,False,335,2.0182134825736284
2,74,2,12624922,2.188674011230469,368.8674011230469,3,17.370302200317383,2.188673734664917,6,4,1,0,0,0,10,0,0,LivesExhausted,True,False,348,2.1886739395558834
2,75,1,27601169,1.8831671142578124,338.31671142578125,3,15.720264434814453,1.883167028427124,5,4,1,0,0,0,10,0,0,LivesExhausted,True,False,315,1.883167059160769
2,75,2,12624922,1.8615185546875002,336.15185546875,3,15.550260543823242,1.861518383026123,5,5,1,0,0,0,10,0,0,LivesExhausted,True,False,311,1.8615184552036226
2,76,1,27601169,2.5795761108398434,407.9576110839844,3,19.400348663330078,2.579575777053833,6,6,1,0,1,0,9,0,0,LivesExhausted,True,False,388,2.579575997311622
2,77,1,27601169,1.185704345703125,268.5704345703125,3,13.030202865600586,1.185704231262207,4,4,1,0,0,0,10,0,0,LivesExhausted,True,False,261,1.1857042899355292
2,76,2,12624922,2.131353759765625,363.1353759765625,3,17.30030059814453,2.1313538551330566,6,4,1,0,0,0,8,0,0,LivesExhausted,True,False,346,2.131353697506711
2,78,1,27601169,1.2438607788085938,274.3860778808594,3,12.400188446044922,1.2438607215881348,7,1,1,0,0,0,5,0,0,LivesExhausted,True,False,248,1.243860705755651
2,77,2,12624922,1.8099627685546875,330.99627685546875,3,15.58026123046875,1.8099627494812012,5,2,1,0,0,0,10,0,0,LivesExhausted,True,False,312,1.8099626870825887
2,78,2,12624922,1.9369601440429687,343.6960144042969,3,15.560260772705078,1.936960220336914,5,4,1,0,0,0,8,0,0,LivesExhausted,True,False,312,1.9369600915815681
2,79,1,27601169,1.2257989501953124,272.57989501953125,3,12.250185012817383,1.2257990837097168,6,2,1,0,0,0,0,0,0,LivesExhausted,True,False,245,1.225798858795315
2,80,1,27601169,0.9841630554199217,248.4163055419922,3,11.110158920288086,0.9841631650924683,4,3,1,0,0,0,10,0,0,LivesExhausted,True,False,223,0.9841630179435015
2,79,2,12624922,1.4878659057617187,298.7865905761719,3,13.39021110534668,1.487865924835205,4,5,1,0,0,0,5,0,0,LivesExhausted,True,False,268,1.4878658037632704
2,81,1,27601169,1.8312753295898436,333.1275329589844,3,14.630239486694336,1.831275224685669,5,4,1,0,0,0,10,0,0,LivesExhausted,True,False,293,1.831275244243443
2,80,2,12624922,2.0623214721679686,356.2321472167969,3,15.710264205932617,2.062321424484253,5,6,1,0,0,0,10,0,0,LivesExhausted,True,False,315,2.062321424949914
2,81,2,12624922,1.2827661132812498,278.276611328125,3,12.190183639526367,1.2827661037445068,4,4,1,0,0,0,5,0,0,LivesExhausted,True,False,244,1.2827660138718784
2,82,1,27601169,1.217560119628906,271.7560119628906,3,12.01017951965332,1.2175602912902832,4,4,1,0,0,0,10,0,0,LivesExhausted,True,False,241,1.2175600747577846
2,82,2,12624922,1.3494003295898436,284.9400329589844,3,12.580192565917969,1.3494000434875488,4,4,1,0,0,0,5,0,0,LivesExhausted,True,False,252,1.3494002623483539
2,83,1,27601169,1.1326528930664064,263.2652893066406,3,11.540168762207031,1.1326526403427124,7,0,1,0,0,0,6,0,0,LivesExhausted,True,False,231,1.1326528158970177
2,84,1,27601169,1.052415008544922,255.2415008544922,3,11.47016716003418,1.052414894104004,4,3,1,0,0,0,10,0,0,LivesExhausted,True,False,230,1.0524149416014552
2,85,1,27601169,1.109793701171875,260.9793701171875,3,11.540168762207031,1.1097936630249023,4,3,1,0,0,0,10,0,0,LivesExhausted,True,False,231,1.1097936443984509
2,86,1,27601169,1.1314266967773436,263.1426696777344,3,11.390165328979492,1.1314266920089722,6,1,1,0,0,0,6,0,0,LivesExhausted,True,False,228,1.131426636595279
2,83,2,12624922,2.0420706176757815,354.2070617675781,3,15.840267181396484,2.0420703887939453,5,6,1,0,0,0,8,0,0,LivesExhausted,True,False,317,2.042070548515767
2,84,2,12624922,1.9553890991210938,345.5389099121094,3,15.370256423950195,1.9553890228271484,5,5,1,0,0,0,10,0,0,LivesExhausted,True,False,308,1.9553889867383987
2,85,2,12624922,1.9390048217773437,343.9004821777344,3,15.230253219604492,1.939004898071289,5,5,1,0,0,0,10,0,0,LivesExhausted,True,False,305,1.9390047388151288
2,86,2,12624922,1.9187881469726564,341.8788146972656,3,15.270254135131836,1.918788194656372,5,4,1,0,0,0,8,0,0,LivesExhausted,True,False,306,1.918788081035018
2,87,1,27601169,1.5889749145507812,308.8974914550781,3,13.800220489501953,1.588974952697754,7,2,1,0,0,0,8,0,0,LivesExhausted,True,False,276,1.588974816724658
2,88,1,27601169,1.4642352294921874,296.42352294921875,3,13.230207443237305,1.4642353057861328,6,3,1,0,0,0,10,0,0,LivesExhausted,True,False,265,1.4642351642251015
2,87,2,12624922,1.5974298095703126,309.74298095703125,3,13.860221862792969,1.5974297523498535,7,2,1,0,0,0,4,0,0,LivesExhausted,True,False,278,1.5974297672510147
2,88,2,12624922,1.919078369140625,341.9078369140625,3,15.48025894165039,1.9190783500671387,4,5,1,0,0,0,10,0,0,LivesExhausted,True,False,310,1.9190782848745584
2,89,1,27601169,1.5739035034179687,307.3903503417969,3,13.93022346496582,1.5739033222198486,7,2,1,0,0,0,5,0,0,LivesExhausted,True,False,279,1.5739034181460738
2,89,2,12624922,1.200725402832031,270.0725402832031,3,12.710195541381836,1.2007253170013428,5,3,1,0,0,0,4,0,0,LivesExhausted,True,False,255,1.2007253407500684
2,90,1,27601169,1.2665771484375,276.65771484375,3,12.870199203491211,1.266577124595642,8,0,1,0,0,0,6,0,0,LivesExhausted,True,False,258,1.2665770901367068
2,91,1,27601169,1.422330627441406,292.2330627441406,3,13.280208587646484,1.4223304986953735,8,1,1,0,0,0,5,0,0,LivesExhausted,True,False,266,1.4223305797204375
2,92,1,27601169,0.9130938720703123,241.30938720703125,3,10.790151596069336,0.9130939245223999,6,0,1,0,0,0,6,0,0,LivesExhausted,True,False,216,0.9130938313901424
2,90,2,12624922,1.802698974609375,330.2698974609375,3,15.030248641967773,1.802699089050293,5,3,1,0,0,0,8,0,0,LivesExhausted,True,False,301,1.8026989218778908
2,91,2,12624922,2.0995553588867186,359.9555358886719,3,16.49028205871582,2.099555253982544,5,6,1,0,0,0,8,0,0,LivesExhausted,True,False,330,2.0995552642270923
2,93,1,27601169,1.2555392456054686,275.5539245605469,3,12.630193710327148,1.2555391788482666,8,0,1,0,0,0,5,0,0,LivesExhausted,True,False,253,1.2555391723290086
2,92,2,12624922,1.7197531127929686,321.9753112792969,3,14.690240859985352,1.7197532653808594,5,3,1,0,0,0,8,0,0,LivesExhausted,True,False,294,1.7197530274279416
2,94,1,27601169,1.3519638061523436,285.1963806152344,3,13.280208587646484,1.3519636392593384,8,1,1,0,0,0,5,0,0,LivesExhausted,True,False,266,1.3519637314602733
2,93,2,12624922,1.7635397338867187,326.3539733886719,3,15.270254135131836,1.7635395526885986,5,3,1,0,0,0,8,0,0,LivesExhausted,True,False,306,1.76353969424963
2,94,2,12624922,1.814208984375,331.4208984375,3,15.640262603759766,1.814208984375,5,5,1,0,0,0,8,0,0,LivesExhausted,True,False,313,1.8142089070752263
2,95,1,27601169,1.0267314147949218,252.6731414794922,3,12.100181579589844,1.026731252670288,4,3,1,0,0,0,10,0,0,LivesExhausted,True,False,242,1.0267313672229648
2,95,2,12624922,1.504305114746094,300.4305114746094,3,14.230230331420898,1.504305124282837,4,5,1,0,0,0,5,0,0,LivesExhausted,True,False,285,1.5043050278909504
2,96,1,27601169,1.7128854370117188,321.2885437011719,3,15.180252075195312,1.7128853797912598,5,3,1,0,0,0,5,0,0,LivesExhausted,True,False,304,1.712885388173163
2,97,1,27601169,1.2196475219726564,271.9647521972656,3,12.510190963745117,1.2196474075317383,4,4,1,0,0,0,10,0,0,LivesExhausted,True,False,251,1.2196474522352219
2,96,2,12624922,1.5302523803710937,303.0252380371094,3,13.990224838256836,1.5302523374557495,6,3,1,0,0,0,5,0,0,LivesExhausted,True,False,280,1.5302523192949593
2,98,1,27601169,1.1163717651367189,261.6371765136719,3,12.130182266235352,1.1163716316223145,6,2,1,0,0,0,5,0,0,LivesExhausted,True,False,243,1.1163717026356608
2,97,2,12624922,1.839477233886719,333.9477233886719,3,16.350278854370117,1.839477300643921,5,4,1,0,0,0,10,0,0,LivesExhausted,True,False,327,1.8394771120510995
2,99,2,12624922,1.4044027709960938,290.4402770996094,3,13.580215454101562,1.4044026136398315,4,5,1,0,0,0,5,0,0,LivesExhausted,True,False,272,1.4044026983901858
2,98,2,12624922,1.891958923339844,339.1958923339844,3,16.040271759033203,1.8919589519500732,6,2,1,0,0,1,5,0,0,LivesExhausted,True,False,321,1.8919588746502995
2,100,2,12624922,1.3724139404296873,287.24139404296875,3,12.620193481445312,1.3724138736724854,4,4,1,0,0,0,5,0,0,LivesExhausted,True,False,253,1.3724138922989368
2,100,1,27601169,1.7843692016601564,328.4369201660156,3,15.000247955322266,1.7843692302703857,6,4,1,0,0,0,5,0,0,LivesExhausted,True,False,300,1.7843691613525152
2,99,1,27601169,2.032869873046875,353.2869873046875,3,16.430280685424805,2.032869815826416,5,3,1,0,0,0,10,0,0,LivesExhausted,True,False,329,2.0328698167577386
2,101,1,27601169,1.2214260864257813,272.1426086425781,3,12.250185012817383,1.221426248550415,7,1,1,0,0,0,6,0,0,LivesExhausted,True,False,245,1.2214260553009808
2,102,1,27601169,0.9642471313476562,246.42471313476562,3,10.890153884887695,0.9642471075057983,7,0,1,0,0,0,6,0,0,LivesExhausted,True,False,218,0.9642470595426857
2,103,1,27601169,1.0317872619628905,253.17872619628906,3,11.060157775878906,1.0317872762680054,4,3,1,0,0,0,10,0,0,LivesExhausted,True,False,222,1.0317872115410864
2,103,2,12624922,1.4275607299804687,292.7560729980469,3,12.880199432373047,1.427560567855835,4,4,1,0,0,0,5,0,0,LivesExhausted,True,False,258,1.4275606856681406
2,104,1,27601169,1.2148004150390626,271.48004150390625,3,11.950178146362305,1.214800238609314,7,0,1,0,0,0,6,0,0,LivesExhausted,True,False,239,1.214800348971039
2,101,2,12624922,2.6839370727539062,418.3937072753906,3,18.890336990356445,2.6839373111724854,6,6,1,0,0,0,7,0,0,LivesExhausted,True,False,378,2.6839370001107454
2,102,2,12624922,3.255074462890625,475.5074462890625,3,21.29039192199707,3.2550745010375977,6,7,1,0,0,0,8,0,0,LivesExhausted,True,False,426,3.255074357613921
2,105,1,27601169,1.1565093994140625,265.65093994140625,3,11.970178604125977,1.1565093994140625,4,3,1,0,0,0,9,0,0,LivesExhausted,True,False,240,1.1565093221142888
2,104,2,12624922,1.9541586303710936,345.4158630371094,3,15.550260543823242,1.9541585445404053,5,4,1,0,0,0,8,0,0,LivesExhausted,True,False,311,1.9541585370898247
2,106,1,27601169,1.19378662109375,269.378662109375,3,11.910177230834961,1.19378662109375,4,3,1,0,0,0,10,0,0,LivesExhausted,True,False,239,1.1937865549698472
2,105,2,12624922,2.1343917846679688,363.4391784667969,3,16.1502742767334,2.1343915462493896,4,7,1,0,0,0,10,0,0,LivesExhausted,True,False,323,2.1343916752375662
2,106,2,12624922,1.400909423828125,290.0909423828125,3,12.75019645690918,1.400909423828125,4,4,1,0,0,0,5,0,0,LivesExhausted,True,False,255,1.4009093716740608
2,108,1,27601169,1.0642080688476563,256.4208068847656,3,11.47016716003418,1.0642080307006836,4,3,1,0,0,0,10,0,0,LivesExhausted,True,False,230,1.06420804746449
2,107,1,27601169,2.155601806640625,365.5601806640625,3,16.280277252197266,2.155601978302002,7,3,1,0,1,0,10,0,0,LivesExhausted,True,False,326,2.155601731967181
2,108,2,12624922,1.436329650878906,293.6329650878906,3,13.220207214355469,1.4363296031951904,4,5,1,0,0,0,5,0,0,LivesExhausted,True,False,265,1.4363295631483197
2,107,2,12624922,2.1324337768554686,363.2433776855469,3,16.27027702331543,2.1324338912963867,5,5,1,0,0,0,5,0,0,LivesExhausted,True,False,326,2.1324336864054203
2,109,1,27601169,1.1864801025390626,268.64801025390625,3,12.170183181762695,1.1864800453186035,4,3,1,0,0,0,10,0,0,LivesExhausted,True,False,244,1.1864800741896033
2,109,2,12624922,1.8335403442382812,333.3540344238281,3,14.930246353149414,1.8335403203964233,5,5,1,0,0,0,4,0,0,LivesExhausted,True,False,299,1.8335403227247298
2,110,1,27601169,1.1097317504882813,260.9731750488281,3,11.590169906616211,1.109731674194336,4,3,1,0,0,0,10,0,0,LivesExhausted,True,False,232,1.1097316788509488
2,110,2,12624922,1.2685720825195315,276.8572082519531,3,12.220184326171875,1.2685720920562744,4,4,1,0,0,0,5,0,0,LivesExhausted,True,False,245,1.2685720236040652
2,111,2,12624922,1.4628042602539062,296.2804260253906,3,13.130205154418945,1.4628041982650757,4,4,1,0,0,0,5,0,0,LivesExhausted,True,False,263,1.462804211070761
2,112,1,27601169,1.0750503540039062,257.5050354003906,3,11.410165786743164,1.0750503540039062,6,1,1,0,0,0,6,0,0,LivesExhausted,True,False,229,1.0750502753071487
2,111,1,27601169,2.0401455688476564,354.0145568847656,3,15.920269012451172,2.0401456356048584,5,6,1,0,0,0,10,0,0,LivesExhausted,True,False,319,2.040145495440811
2,113,1,27601169,1.1945352172851562,269.4535217285156,3,12.28018569946289,1.1945351362228394,4,4,1,0,0,0,10,0,0,LivesExhausted,True,False,246,1.1945351669564843
2,112,2,12624922,2.1289266967773437,362.8926696777344,3,16.360279083251953,2.1289267539978027,5,6,1,0,0,0,8,0,0,LivesExhausted,True,False,328,2.1289266385138035
2,113,2,12624922,1.5261917114257812,302.6191711425781,3,13.820220947265625,1.5261917114257812,4,5,1,0,0,0,5,0,0,LivesExhausted,True,False,277,1.5261916437884793
2,114,1,27601169,1.179410400390625,267.9410400390625,3,11.900177001953125,1.1794102191925049,4,3,1,0,0,0,10,0,0,LivesExhausted,True,False,238,1.1794103430584073
2,114,2,12624922,1.272554931640625,277.2554931640625,3,12.16018295288086,1.272554874420166,4,4,1,0,0,0,5,0,0,LivesExhausted,True,False,244,1.272554837167263
2,115,1,27601169,1.2159893798828123,271.59893798828125,3,11.420166015625,1.2159892320632935,4,3,1,0,0,0,6,0,0,LivesExhausted,True,False,229,1.2159893033094704
2,115,2,12624922,1.5303887939453125,303.03887939453125,3,11.990179061889648,1.5303878784179688,4,4,1,0,0,0,5,0,0,LivesExhausted,True,False,240,1.5303887235932052
3,33,1,27391711,1.1309060668945312,263.0906066894531,3,11.380165100097656,1.1309059858322144,5,2,1,0,0,1,2,0,0,LivesExhausted,True,False,228,1.1309059911873192
3,33,2,7597930,1.339397277832031,283.9397277832031,3,12.230184555053711,1.3393971920013428,4,4,1,0,0,0,3,0,0,LivesExhausted,True,False,245,1.339397214120254
3,65,1,27391711,1.4723498535156252,297.2349853515625,3,12.80019760131836,1.472349762916565,6,2,1,0,0,1,2,0,0,LivesExhausted,True,False,256,1.4723497773520648
3,24,1,27391711,2.0699612426757814,356.9961242675781,3,15.770265579223633,2.0699610710144043,5,6,1,0,0,0,0,0,0,LivesExhausted,True,False,316,2.069961182307452
3,24,2,7597930,2.8232119750976565,432.3211975097656,3,19.47035026550293,2.823211908340454,6,8,1,0,0,0,5,0,0,LivesExhausted,True,False,390,2.823211886920035
3,65,2,7597930,3.2928222656250004,479.2822265625,3,21.19038963317871,3.2928221225738525,7,7,1,0,1,0,4,0,0,LivesExhausted,True,False,424,3.292822158895433
3,69,1,27391711,1.4493759155273436,294.9375915527344,3,13.76021957397461,1.4493759870529175,5,4,1,0,0,0,0,0,0,LivesExhausted,True,False,276,1.4493758706375957
3,68,1,27391711,2.31947265625,381.947265625,3,17.640308380126953,2.319472312927246,6,4,1,0,0,0,0,0,0,LivesExhausted,True,False,353,2.319472603034228
3,68,2,7597930,3.02247802734375,452.247802734375,3,20.710378646850586,3.0224781036376953,7,5,1,0,0,0,2,0,0,LivesExhausted,True,False,415,3.0224779122509062
3,74,1,27391711,1.728809814453125,322.8809814453125,3,14.530237197875977,1.7288098335266113,5,4,1,0,0,0,0,0,0,LivesExhausted,True,False,291,1.7288097380660474
3,69,2,7597930,2.691217346191406,419.1217346191406,3,18.760334014892578,2.6912171840667725,7,5,1,0,0,0,2,0,0,LivesExhausted,True,False,376,2.6912172604352236
3,74,2,7597930,3.0363821411132816,453.6382141113281,3,20.26036834716797,3.0363821983337402,6,7,1,0,0,0,5,0,0,LivesExhausted,True,False,406,3.0363820302300155
3,76,2,7597930,1.5129379272460937,301.2937927246094,3,13.39021110534668,1.5129380226135254,5,3,1,0,0,0,8,0,0,LivesExhausted,True,False,268,1.5129378540441394
3,76,1,27391711,2.409157409667969,390.9157409667969,3,17.50030517578125,2.4091572761535645,5,7,1,0,0,1,0,0,0,LivesExhausted,True,False,350,2.4091573217883706
3,83,1,27391711,1.4087991333007812,290.8799133300781,3,13.07020378112793,1.4087990522384644,6,2,1,0,0,1,2,0,0,LivesExhausted,True,False,262,1.4087990806438029
3,83,2,7597930,2.6666149902343754,416.6614990234375,3,18.26032257080078,2.6666147708892822,6,6,1,0,1,0,2,0,0,LivesExhausted,True,False,366,2.6666149124503136
3,91,1,27391711,1.5297393798828125,302.97393798828125,3,13.29020881652832,1.5297393798828125,6,3,1,0,0,1,2,0,0,LivesExhausted,True,False,266,1.529739330522716
3,88,1,27391711,3.432356872558594,493.2356872558594,3,21.78040313720703,3.432356595993042,7,7,1,0,0,0,0,0,0,LivesExhausted,True,False,436,3.432356771081686
3,88,2,7597930,1.9773294067382814,347.7329406738281,3,15.280254364013672,1.9773294925689697,7,3,1,0,0,0,0,0,0,LivesExhausted,True,False,306,1.9773293221369386
3,91,2,7597930,2.697171325683594,419.7171325683594,3,18.380325317382812,2.697171211242676,6,6,1,0,1,0,2,0,0,LivesExhausted,True,False,368,2.6971712517552078
3,101,1,27391711,2.63357177734375,413.357177734375,3,18.0703182220459,2.6335718631744385,5,7,1,0,0,2,0,0,0,LivesExhausted,True,False,362,2.6335716736502945
3,102,1,27391711,1.102905578613281,260.2905578613281,3,11.620170593261719,1.102905511856079,6,1,1,0,0,0,5,0,0,LivesExhausted,True,False,233,1.100421579554677
3,101,2,7597930,3.466278686523437,496.62786865234375,3,21.820404052734375,3.466278553009033,5,9,1,0,1,1,8,1,0,LivesExhausted,True,False,437,3.4662785660475492
3,107,1,27391711,2.6639480590820312,416.3948059082031,3,18.060317993164062,2.6639480590820312,6,6,1,0,0,1,0,0,0,LivesExhausted,True,False,362,2.66394795011729
3,107,2,7597930,2.2519732666015626,375.19732666015625,3,16.520282745361328,2.2519731521606445,5,6,1,0,0,0,5,0,0,LivesExhausted,True,False,331,2.2519732140935957
3,111,1,27391711,2.06669189453125,356.669189453125,3,15.560260772705078,2.0666921138763428,5,5,1,0,0,0,0,0,0,LivesExhausted,True,False,312,2.0666918540373445
3,116,1,27391711,1.172579345703125,267.2579345703125,3,12.080181121826172,1.1725795269012451,6,1,1,0,0,1,2,0,0,LivesExhausted,True,False,242,1.1725793033838272
3,111,2,7597930,2.93670654296875,443.670654296875,3,19.42034912109375,2.936706066131592,6,8,1,0,0,0,5,0,0,LivesExhausted,True,False,389,2.936706409789622
3,102,2,7597930,5.42144775390625,692.144775390625,3,30.490602493286133,5.42144775390625,7,11,1,0,1,0,12,0,0,LivesExhausted,True,False,610,5.421447568573058
3,117,1,27391711,1.8842565917968752,338.4256591796875,3,15.150251388549805,1.884256362915039,5,5,1,0,0,0,0,0,0,LivesExhausted,True,False,303,1.8842565002851188
3,116,2,7597930,2.9036129760742186,440.3612976074219,3,19.67035484313965,2.903613328933716,6,7,1,0,1,0,2,0,0,LivesExhausted,True,False,394,2.903612870257348
3,117,2,7597930,2.3302047729492186,383.0204772949219,3,17.210298538208008,2.330204725265503,5,7,1,0,0,0,5,0,0,LivesExhausted,True,False,345,2.3302047308534384
3,118,1,27391711,1.5135223388671877,301.35223388671875,3,13.550214767456055,1.5135221481323242,6,3,1,0,0,1,2,0,0,LivesExhausted,True,False,271,1.5135222629178315
3,119,1,27391711,2.654826354980469,415.4826354980469,3,18.31032371520996,2.6548261642456055,6,6,1,0,0,0,0,0,0,LivesExhausted,True,False,367,2.654826241545379
3,118,2,7597930,2.909798583984375,440.9798583984375,3,19.460350036621094,2.9097986221313477,6,7,1,0,1,0,2,0,0,LivesExhausted,True,False,390,2.907318591605872
3,120,1,27391711,1.2399005126953124,273.99005126953125,3,12.000179290771484,1.2399003505706787,6,2,1,0,0,1,2,0,0,LivesExhausted,True,False,240,1.2399004306644201
3,121,1,27391711,1.3033187866210936,280.3318786621094,3,12.250185012817383,1.303318738937378,6,2,1,0,0,1,2,0,0,LivesExhausted,True,False,245,1.3033187100663781
3,119,2,7597930,2.959124755859375,445.9124755859375,3,19.62035369873047,2.9591245651245117,6,7,1,0,0,0,5,0,0,LivesExhausted,True,False,393,2.9591246866621077
3,120,2,7597930,2.6897821044921875,418.97821044921875,3,18.41032600402832,2.689781904220581,6,6,1,0,1,0,2,0,0,LivesExhausted,True,False,369,2.6897820020094514
3,122,2,7597930,1.883462219238281,338.3462219238281,3,14.810243606567383,1.8834624290466309,7,3,1,0,0,0,0,0,0,LivesExhausted,True,False,297,1.883462174795568
3,122,1,27391711,2.253298034667969,375.3298034667969,3,16.49028205871582,2.253297805786133,7,3,1,0,0,1,0,0,0,LivesExhausted,True,False,330,2.2532979426905513
3,121,2,7597930,2.6990502929687503,419.905029296875,3,18.550329208374023,2.6990504264831543,6,5,1,0,1,0,2,0,0,LivesExhausted,True,False,371,2.699050205759704
3,124,1,27391711,1.3776727294921876,287.76727294921875,3,12.880199432373047,1.3776726722717285,5,3,1,0,0,0,0,0,0,LivesExhausted,True,False,258,1.3776726783253253
3,123,2,7597930,1.9818692016601562,348.1869201660156,3,15.570261001586914,1.9818689823150635,7,3,1,0,0,0,0,0,0,LivesExhausted,True,False,312,1.9818691359832883
3,123,1,27391711,2.4257296752929687,392.5729675292969,3,17.55030632019043,2.425729751586914,7,4,1,0,0,1,0,0,0,LivesExhausted,True,False,351,2.4257295979186893
3,125,1,27391711,1.2748638916015627,277.48638916015625,3,12.470190048217773,1.2748637199401855,6,1,1,0,0,1,2,0,0,LivesExhausted,True,False,250,1.2748638279736042
3,124,2,7597930,2.7175588989257813,421.7558898925781,3,18.970338821411133,2.7175588607788086,7,4,1,0,0,0,2,0,0,LivesExhausted,True,False,380,2.717558827716857
3,125,2,7597930,2.406960754394531,390.6960754394531,3,17.120296478271484,2.406960964202881,5,6,1,0,0,0,2,0,0,LivesExhausted,True,False,343,2.406960691791028
3,126,1,27391711,2.031485595703125,353.1485595703125,3,15.750265121459961,2.0314855575561523,6,5,1,0,0,0,0,0,0,LivesExhausted,True,False,315,2.0314854877069592
3,127,1,27391711,2.3562640380859374,385.62640380859375,3,16.880290985107422,2.3562638759613037,6,6,1,0,0,0,0,0,0,LivesExhausted,True,False,338,2.3562639616429806
3,126,2,7597930,2.7945935058593747,429.4593505859375,3,19.090341567993164,2.794593334197998,8,4,1,0,0,0,0,0,0,LivesExhausted,True,False,382,2.7945933677256107
3,128,1,27391711,1.2441787719726562,274.4178771972656,3,12.270185470581055,1.2441787719726562,5,3,1,0,0,0,0,0,0,LivesExhausted,True,False,246,1.2441787007264793
3,127,2,7597930,2.901207580566406,440.1207580566406,3,19.340347290039062,2.901207208633423,7,6,1,0,0,0,2,0,0,LivesExhausted,True,False,387,2.901207473129034
3,128,2,7597930,2.700934753417969,420.0934753417969,3,18.450326919555664,2.700934648513794,7,5,1,0,0,0,2,0,0,LivesExhausted,True,False,369,2.70093466155231
3,129,1,27391711,2.3662539672851564,386.6253967285156,3,17.100296020507812,2.3662538528442383,6,5,1,0,0,0,0,0,0,LivesExhausted,True,False,342,2.3662539022043347
3,130,1,27391711,2.2727255249023437,377.2725524902344,3,16.570283889770508,2.2727255821228027,6,5,1,0,0,0,0,0,0,LivesExhausted,True,False,332,2.2727254894562066
3,129,2,7597930,2.8053109741210935,430.5310974121094,3,18.90033721923828,2.8053109645843506,7,5,1,0,0,0,2,0,0,LivesExhausted,True,False,378,2.805310866329819
3,130,2,7597930,2.6619885253906252,416.1988525390625,3,18.130319595336914,2.6619884967803955,7,5,1,0,0,0,2,0,0,LivesExhausted,True,False,363,2.6619884334504604
3,131,1,27391711,2.3231097412109376,382.31097412109375,3,16.64028549194336,2.3231096267700195,6,5,1,0,0,0,0,0,0,LivesExhausted,True,False,333,2.3231096491217613
3,132,1,27391711,1.3749371337890626,287.49371337890625,3,12.740196228027344,1.3749369382858276,5,3,1,0,0,0,0,0,0,LivesExhausted,True,False,255,1.3749370709992945
3,133,1,27391711,1.2537716674804686,275.3771667480469,3,12.0601806640625,1.2537715435028076,6,2,1,0,0,1,2,0,0,LivesExhausted,True,False,242,1.2537715842481703
3,131,2,7597930,2.8188281249999996,431.8828125,3,19.060340881347656,2.8188281059265137,7,5,1,0,0,0,2,0,0,LivesExhausted,True,False,382,2.818828009534627
3,134,1,27391711,1.2007217407226562,270.0721740722656,3,12.210184097290039,1.2007217407226562,6,1,1,0,0,1,2,0,0,LivesExhausted,True,False,245,1.2007216792553663
3,132,2,7597930,2.8235931396484375,432.35931396484375,3,19.47035026550293,2.8235926628112793,7,6,1,0,0,0,2,0,0,LivesExhausted,True,False,390,2.8235930874943733
3,133,2,7597930,2.7233038330078125,422.33038330078125,3,19.57035255432129,2.7233035564422607,6,6,1,0,0,0,2,0,0,LivesExhausted,True,False,392,2.7233037468977273
3,135,1,27391711,1.3428134155273437,284.2813415527344,3,13.400211334228516,1.34281325340271,6,2,1,0,0,1,2,0,0,LivesExhausted,True,False,268,1.3428133437409997
3,134,2,7597930,2.701452331542969,420.1452331542969,3,19.32034683227539,2.7014522552490234,6,6,1,0,0,0,2,0,0,LivesExhausted,True,False,387,2.701452230568975
3,136,1,27391711,1.3827273559570314,288.2727355957031,3,13.010202407836914,1.3827273845672607,5,3,1,0,0,0,0,0,0,LivesExhausted,True,False,261,1.382727355696261
3,135,2,7597930,3.0101022338867187,451.0102233886719,3,20.720378875732422,3.0101022720336914,6,7,1,0,1,0,2,0,0,LivesExhausted,True,False,415,3.0101020596921444
3,136,2,7597930,1.9890557861328126,348.90557861328125,3,15.570261001586914,1.9890556335449219,6,3,1,0,0,0,2,0,0,LivesExhausted,True,False,312,1.9890556894242764
3,137,1,27391711,1.2866973876953125,278.66973876953125,3,12.460189819335938,1.286697268486023,6,2,1,0,0,1,2,0,0,LivesExhausted,True,False,250,1.286697304341942
3,138,1,27391711,1.2070822143554687,270.7082214355469,3,12.11018180847168,1.2070821523666382,6,1,1,0,0,1,2,0,0,LivesExhausted,True,False,243,1.207082129549235
3,139,1,27391711,1.3892965698242188,288.9296569824219,3,12.620193481445312,1.389296531677246,6,2,1,0,0,1,2,0,0,LivesExhausted,True,False,253,1.38929651863873
3,137,2,7597930,3.5978707885742187,509.7870788574219,3,22.40041732788086,3.5978708267211914,7,9,1,0,1,0,4,0,0,LivesExhausted,True,False,448,3.5978706227615476
3,140,1,27391711,1.2304876708984374,273.04876708984375,3,12.050180435180664,1.230487585067749,6,1,1,0,0,1,2,0,0,LivesExhausted,True,False,241,1.2304875887930393
3,138,2,7597930,3.0381784057617187,453.8178405761719,3,20.21036720275879,3.0381782054901123,6,8,1,0,1,0,2,0,0,LivesExhausted,True,False,405,3.0381782837212086
3,139,2,7597930,2.812701721191406,431.2701721191406,3,19.20034408569336,2.812701463699341,6,7,1,0,1,0,2,0,0,LivesExhausted,True,False,384,2.812701609916985
3,140,2,7597930,2.662665100097656,416.2665100097656,3,18.600330352783203,2.6626651287078857,6,6,1,0,1,0,2,0,0,LivesExhausted,True,False,372,2.6626650346443057
3,142,1,27391711,1.6347201538085936,313.4720153808594,3,14.110227584838867,1.6347200870513916,4,4,1,0,0,2,0,0,0,LivesExhausted,True,False,283,1.634720076341182
3,141,2,7597930,2.5494586181640626,404.94586181640625,3,18.280323028564453,2.5494585037231445,6,6,1,0,1,1,0,0,0,LivesExhausted,True,False,366,2.549458592198789
3,142,2,7597930,2.269672546386719,376.9672546386719,3,16.830289840698242,2.269672393798828,6,5,1,0,0,1,0,0,0,LivesExhausted,True,False,337,2.2696724985726178
3,143,1,27391711,2.024869079589844,352.4869079589844,3,15.58026123046875,2.024868965148926,5,5,1,0,0,0,0,0,0,LivesExhausted,True,False,312,2.024868998443708
3,143,2,7597930,2.36512451171875,386.512451171875,3,17.06029510498047,2.365124225616455,5,7,1,0,0,0,5,0,0,LivesExhausted,True,False,342,2.365124424919486
3,141,1,27391711,11.840987548828124,1284.0987548828125,2,32.01063537597656,11.840988159179688,11,7,2,0,0,3,10,0,1,MaxDuration,False,True,641,11.84098753053695
3,144,1,27391711,2.129830627441406,362.9830627441406,3,16.060272216796875,2.1298303604125977,5,6,1,0,0,0,0,0,0,LivesExhausted,True,False,322,2.1273192707449198
3,144,2,7597930,2.348250732421875,384.8250732421875,3,17.08029556274414,2.348250389099121,5,7,1,0,0,0,5,0,0,LivesExhausted,True,False,342,2.3482506298460066
3,145,2,7597930,2.0882421875,358.82421875,3,15.460258483886719,2.088242292404175,6,4,1,0,0,1,0,0,0,LivesExhausted,True,False,310,2.088242092868313
3,145,1,27391711,2.4066476440429687,390.6647644042969,3,17.020294189453125,2.4066476821899414,6,5,1,0,0,2,0,0,0,LivesExhausted,True,False,341,2.406647553667426
3,146,1,27391711,2.3591848754882814,385.9184875488281,3,16.98029327392578,2.359184980392456,6,5,1,0,0,0,0,0,0,LivesExhausted,True,False,340,2.3591847880743444
3,147,1,27391711,1.481800231933594,298.1800231933594,3,13.000202178955078,1.4818000793457031,5,3,1,0,0,0,0,0,0,LivesExhausted,True,False,260,1.4818001631647348
3,146,2,7597930,2.788912658691406,428.8912658691406,3,18.78033447265625,2.788912534713745,6,7,1,0,0,0,5,0,0,LivesExhausted,True,False,376,2.78891255101189
3,147,2,7597930,2.623030700683594,412.3030700683594,3,18.09031867980957,2.623030662536621,7,5,1,0,0,0,2,0,0,LivesExhausted,True,False,362,2.623030614107847
3,148,2,7597930,2.4026470947265626,390.26470947265625,3,17.040294647216797,2.402646541595459,5,7,1,0,0,0,5,0,0,LivesExhausted,True,False,341,2.402647026348859
3,148,1,27391711,2.978675231933594,447.8675231933594,3,19.79035758972168,2.978675365447998,5,8,1,0,0,0,0,0,0,LivesExhausted,True,False,396,2.978675164747983
3,149,1,27391711,2.1264437866210937,362.6443786621094,3,16.10027313232422,2.12644362449646,5,6,1,0,0,0,0,0,0,LivesExhausted,True,False,322,2.1264437385834754
3,149,2,7597930,2.9155731201171875,441.55731201171875,3,19.4903507232666,2.9155731201171875,6,7,1,0,0,0,5,0,0,LivesExhausted,True,False,390,2.9155729999765754
3,150,1,27391711,2.1350582885742186,363.5058288574219,3,16.2902774810791,2.1350581645965576,5,6,1,0,0,0,0,0,0,LivesExhausted,True,False,326,2.1350582628510892
3,151,1,27391711,2.421844787597656,392.1844787597656,3,18.000316619873047,2.421844720840454,5,6,1,0,0,0,0,0,0,LivesExhausted,True,False,360,2.4218447180464864
3,150,2,7597930,2.820975341796875,432.0975341796875,3,19.950361251831055,2.8209750652313232,6,8,1,0,0,0,5,0,0,LivesExhausted,True,False,399,2.8209752696566284
3,152,1,27391711,1.512220458984375,301.2220458984375,3,13.88022232055664,1.5122203826904297,6,2,1,0,0,0,0,0,0,LivesExhausted,True,False,278,1.5122203235514462
3,153,1,27391711,0.9458689880371094,244.58689880371094,3,11.250162124633789,0.9458688497543335,5,2,1,0,0,0,0,0,0,LivesExhausted,True,False,225,0.9458689661696553
3,151,2,7597930,3.04033935546875,454.033935546875,3,20.70037841796875,3.040339231491089,6,7,1,0,0,0,5,0,0,LivesExhausted,True,False,414,3.040339292027056
3,152,2,7597930,3.615726928710938,511.57269287109375,3,23.26043701171875,3.615726947784424,9,7,1,0,1,0,9,0,0,LivesExhausted,True,False,466,3.615726846270263
3,155,1,27391711,1.2954348754882812,279.5434875488281,3,12.310186386108398,1.2954347133636475,6,2,1,0,0,1,2,0,0,LivesExhausted,True,False,247,1.2954347981140018
3,154,1,27391711,2.0571749877929686,355.7174987792969,3,15.860267639160156,2.0571746826171875,7,3,1,0,0,1,2,0,0,LivesExhausted,True,False,318,2.057174871210009
3,153,2,7597930,2.4582638549804687,395.8263854980469,3,17.790311813354492,2.458263635635376,6,5,1,0,0,0,5,0,0,LivesExhausted,True,False,356,2.4582637790590525
3,154,2,7597930,2.778558044433594,427.8558044433594,3,19.120342254638672,2.778557777404785,6,6,1,0,1,0,2,0,0,LivesExhausted,True,False,383,2.7785579706542194
3,155,2,7597930,2.802764282226563,430.27642822265625,3,19.17034339904785,2.802764415740967,6,7,1,0,1,0,2,0,0,LivesExhausted,True,False,384,2.802764177788049
3,157,1,27391711,1.5239401245117188,302.3940124511719,3,13.420211791992188,1.523940086364746,5,4,1,0,0,0,0,0,0,LivesExhausted,True,False,269,1.523940060287714
3,156,2,7597930,2.3368426513671876,383.68426513671875,3,16.970293045043945,2.3368425369262695,5,7,1,0,0,0,5,0,0,LivesExhausted,True,False,340,2.336842577671632
3,158,1,27391711,1.3679901123046876,286.79901123046875,3,12.450189590454102,1.367990255355835,5,3,1,0,0,0,0,0,0,LivesExhausted,True,False,249,1.367990044876933
3,156,1,27391711,2.7404418945312496,424.044189453125,3,18.740333557128906,2.7404415607452393,6,7,1,0,0,0,0,0,0,LivesExhausted,True,False,375,2.7404417800717056
3,157,2,7597930,3.0485238647460937,454.8523864746094,3,20.320369720458984,3.0485239028930664,7,7,1,0,0,0,2,0,0,LivesExhausted,True,False,407,3.048523784149438
3,158,2,7597930,2.653025817871094,415.3025817871094,3,18.330324172973633,2.6530258655548096,7,5,1,0,0,0,2,0,0,LivesExhausted,True,False,367,2.653025736566633
3,159,1,27391711,2.01092529296875,351.092529296875,3,15.730264663696289,2.01092529296875,6,4,1,0,0,0,0,0,0,LivesExhausted,True,False,315,2.01092523150146
3,160,2,7597930,1.3398077392578127,283.98077392578125,3,12.690195083618164,1.3398077487945557,5,3,1,0,0,0,7,0,0,LivesExhausted,True,False,254,1.3398076724261045
3,160,1,27391711,2.056127624511719,355.6127624511719,3,16.060272216796875,2.0561277866363525,4,7,1,0,0,1,0,0,0,LivesExhausted,True,False,322,2.056127560324967
3,159,2,7597930,2.083931579589844,358.3931579589844,3,16.300277709960938,2.0839316844940186,6,5,1,0,0,0,2,0,0,LivesExhausted,True,False,326,2.0839315382763743
3,161,2,7597930,1.2838403320312501,278.384033203125,3,12.630193710327148,1.283840298652649,5,2,1,0,0,0,7,0,0,LivesExhausted,True,False,253,1.2838402674533427
3,162,1,27391711,1.75829833984375,325.829833984375,3,14.700241088867188,1.7582979202270508,5,4,1,0,0,0,0,0,0,LivesExhausted,True,False,294,1.7582982294261456
3,161,1,27391711,4.13030517578125,563.030517578125,3,25.23048210144043,4.130305290222168,6,9,1,0,0,1,4,0,0,LivesExhausted,True,False,505,4.130305063910782
3,162,2,7597930,2.601194152832031,410.1194152832031,3,18.220321655273438,2.601193904876709,6,5,1,0,0,0,5,0,0,LivesExhausted,True,False,365,2.601194052491337
3,163,2,7597930,2.2134408569335937,371.3440856933594,3,16.600284576416016,2.2134408950805664,5,6,1,0,0,0,5,0,0,LivesExhausted,True,False,332,2.2134407721459866
3,163,1,27391711,2.352564697265625,385.2564697265625,3,17.38030242919922,2.352564811706543,6,5,1,0,0,0,0,0,0,LivesExhausted,True,False,348,2.3525645891204476
3,164,1,27391711,2.4522335815429686,395.2233581542969,3,16.820289611816406,2.452233076095581,6,6,1,0,0,0,0,0,0,LivesExhausted,True,False,337,2.452233508694917
3,165,1,27391711,1.4676141357421875,296.76141357421875,3,12.070180892944336,1.4676142930984497,5,3,1,0,0,0,0,0,0,LivesExhausted,True,False,242,1.4676140653900802
3,164,2,7597930,2.398090515136719,389.8090515136719,3,16.07027244567871,2.398090362548828,5,6,1,0,0,0,5,0,0,LivesExhausted,True,False,322,2.398090386763215
3,165,2,7597930,3.0498675537109374,454.98675537109375,3,17.99031639099121,3.049867868423462,7,6,1,0,0,0,2,0,0,LivesExhausted,True,False,360,3.049867441179231
