generation,seed_a,seed_b,generation_transitions,cumulative_transitions,population_size,species_count,min_fitness,mean_fitness,max_fitness,champion_id,champion_fitness,validation_performed,validation_mean_final_score,checkpoint_state
1,58600953,50536820,48622,48622,64,1,1.3133544921875,4.410040854215622,151.3999462890625,24,151.3999462890625,True,389.8856025695801,D:\Projekty\Unity\Turbo_Dash\Training\runs\neat-discrete-5m-run1\checkpoints\neat-checkpoint-1.state.json
2,72844097,5293892,44636,93258,64,1,1.186583709716797,2.2966521573066707,6.181283569335938,118,6.181283569335938,False,,D:\Projekty\Unity\Turbo_Dash\Training\runs\neat-discrete-5m-run1\checkpoints\neat-checkpoint-2.state.json
3,26030234,73577200,47407,140665,64,1,1.3740982055664062,2.5093581819534303,3.9308238220214844,152,3.9308238220214844,False,,D:\Projekty\Unity\Turbo_Dash\Training\runs\neat-discrete-5m-run1\checkpoints\neat-checkpoint-3.state.json
4,11472903,17337727,44640,185305,64,1,1.1407160949707031,2.3964447176456454,4.544990234375,198,4.544990234375,False,,D:\Projekty\Unity\Turbo_Dash\Training\runs\neat-discrete-5m-run1\checkpoints\neat-checkpoint-4.state.json
5,30533581,1942564,49114,234419,64,1,1.205409393310547,2.878591067790986,30.9290576171875,302,30.9290576171875,False,,D:\Projekty\Unity\Turbo_Dash\Training\runs\neat-discrete-5m-run1\checkpoints\neat-checkpoint-5.state.json
6,3304041,20270139,47204,281623,64,1,1.5106993103027344,2.535207424163818,4.951638793945313,355,4.951638793945313,False,,D:\Projekty\Unity\Turbo_Dash\Training\runs\neat-discrete-5m-run1\checkpoints\neat-checkpoint-6.state.json
7,48442240,51060465,46475,328098,64,1,1.2755073547363283,2.55296032190323,4.902936859130859,403,4.902936859130859,False,,D:\Projekty\Unity\Turbo_Dash\Training\runs\neat-discrete-5m-run1\checkpoints\neat-checkpoint-7.state.json
8,29800478,14928960,53976,382074,64,1,1.493645248413086,2.9802152764797216,5.016935119628906,483,5.016935119628906,False,,D:\Projekty\Unity\Turbo_Dash\Training\runs\neat-discrete-5m-run1\checkpoints\neat-checkpoint-8.state.json
9,13567483,56401644,50998,433072,64,1,1.3827354431152343,2.7736843752861033,5.550270690917969,558,5.550270690917969,False,,D:\Projekty\Unity\Turbo_Dash\Training\runs\neat-discrete-5m-run1\checkpoints\neat-checkpoint-9.state.json
10,33465993,36817321,53815,486887,64,1,1.793228302001953,3.1401493024826053,6.8604193115234375,597,6.8604193115234375,False,,D:\Projekty\Unity\Turbo_Dash\Training\runs\neat-discrete-5m-run1\checkpoints\neat-checkpoint-10.state.json
11,14091128,11053987,58146,545033,64,1,1.4249314880371093,3.5025292229652414,6.997143554687501,680,6.997143554687501,True,547.5706338500977,D:\Projekty\Unity\Turbo_Dash\Training\runs\neat-discrete-5m-run1\checkpoints\neat-checkpoint-11.state.json
12,22259990,42367958,53226,598259,64,1,1.3916148376464843,2.9190267121791846,5.918270111083984,737,5.918270111083984,False,,D:\Projekty\Unity\Turbo_Dash\Training\runs\neat-discrete-5m-run1\checkpoints\neat-checkpoint-12.state.json
13,13148567,71796807,53047,651306,64,1,1.7255406188964844,3.0676154339313504,6.5386285400390625,753,6.5386285400390625,False,,D:\Projekty\Unity\Turbo_Dash\Training\runs\neat-discrete-5m-run1\checkpoints\neat-checkpoint-13.state.json
14,69178582,70330601,67664,718970,64,1,1.590865936279297,5.828291358947754,137.34253936767578,827,137.34253936767578,False,,D:\Projekty\Unity\Turbo_Dash\Training\runs\neat-discrete-5m-run1\checkpoints\neat-checkpoint-14.state.json
15,54621251,13776941,56033,775003,64,1,1.4090486145019532,3.2903058385849002,7.361625518798828,909,7.361625518798828,False,,D:\Projekty\Unity\Turbo_Dash\Training\runs\neat-discrete-5m-run1\checkpoints\neat-checkpoint-15.state.json
16,73367742,42577416,57853,832856,64,1,1.069520797729492,3.386900625228882,6.355838623046875,937,6.355838623046875,False,,D:\Projekty\Unity\Turbo_Dash\Training\runs\neat-discrete-5m-run1\checkpoints\neat-checkpoint-16.state.json
17,28439001,24564028,57710,890566,64,1,1.2095492553710936,3.4572342622280106,7.546497344970703,1002,7.546497344970703,False,,D:\Projekty\Unity\Turbo_Dash\Training\runs\neat-discrete-5m-run1\checkpoints\neat-checkpoint-17.state.json
18,56715831,40901752,62719,953285,64,1,1.1111157226562498,5.699890674352646,148.5950700378418,1074,148.5950700378418,False,,D:\Projekty\Unity\Turbo_Dash\Training\runs\neat-discrete-5m-run1\checkpoints\neat-checkpoint-18.state.json
19,1000003,47080763,61409,1014694,64,1,1.702335968017578,3.789702801704406,9.486351470947264,1140,9.486351470947264,True,905.6595260620118,D:\Projekty\Unity\Turbo_Dash\Training\runs\neat-discrete-5m-run1\checkpoints\neat-checkpoint-19.state.json
20,21212700,60800262,78817,1093511,64,1,1.534384460449219,8.891685333251955,151.34789978027345,1194,151.34789978027345,False,,D:\Projekty\Unity\Turbo_Dash\Training\runs\neat-discrete-5m-run1\checkpoints\neat-checkpoint-20.state.json
21,62161739,7912117,66498,1160009,64,1,1.5454800415039063,4.294593651294708,10.194998168945313,1249,10.194998168945313,False,,D:\Projekty\Unity\Turbo_Dash\Training\runs\neat-discrete-5m-run1\checkpoints\neat-checkpoint-21.state.json
22,63837403,52631400,61212,1221221,64,1,1.5883533477783205,3.7783530986309053,7.032963256835938,1363,7.032963256835938,False,,D:\Projekty\Unity\Turbo_Dash\Training\runs\neat-discrete-5m-run1\checkpoints\neat-checkpoint-22.state.json
23,53992877,26134963,76526,1297747,64,1,1.9745858764648438,7.657334830760957,139.33248779296875,1397,139.33248779296875,False,,D:\Projekty\Unity\Turbo_Dash\Training\runs\neat-discrete-5m-run1\checkpoints\neat-checkpoint-23.state.json
24,19955952,29381562,64978,1362725,64,1,2.0587075805664066,4.140827314853668,11.835634765625,1476,11.835634765625,False,,D:\Projekty\Unity\Turbo_Dash\Training\runs\neat-discrete-5m-run1\checkpoints\neat-checkpoint-24.state.json
25,36084218,52945587,60277,1423002,64,1,1.458842544555664,3.422209800481795,10.198211059570312,1476,10.198211059570312,False,,D:\Projekty\Unity\Turbo_Dash\Training\runs\neat-discrete-5m-run1\checkpoints\neat-checkpoint-25.state.json
26,12520193,27391711,92835,1515837,64,1,1.4932139587402344,13.46445472478867,152.3269891357422,1583,152.3269891357422,True,552.3558435058594,D:\Projekty\Unity\Turbo_Dash\Training\runs\neat-discrete-5m-run1\checkpoints\neat-checkpoint-26.state.json
27,22050532,41215939,80667,1596504,64,1,1.5427999877929688,7.045098028182986,137.85875000000001,1625,137.85875000000001,False,,D:\Projekty\Unity\Turbo_Dash\Training\runs\neat-discrete-5m-run1\checkpoints\neat-checkpoint-27.state.json
28,69597498,72110994,66832,1663336,64,1,1.2802362060546877,4.030531858205796,9.652391357421875,1728,9.652391357421875,False,,D:\Projekty\Unity\Turbo_Dash\Training\runs\neat-discrete-5m-run1\checkpoints\neat-checkpoint-28.state.json
29,25192402,1733106,57755,1721091,64,1,1.2965513610839845,3.2181172966957097,8.243512573242187,1778,8.243512573242187,False,,D:\Projekty\Unity\Turbo_Dash\Training\runs\neat-discrete-5m-run1\checkpoints\neat-checkpoint-29.state.json
30,44567267,53050316,62091,1783182,64,1,1.2924407958984374,3.9113727045059195,28.295492095947267,1856,28.295492095947267,False,,D:\Projekty\Unity\Turbo_Dash\Training\runs\neat-discrete-5m-run1\checkpoints\neat-checkpoint-30.state.json
31,18489746,35455844,81804,1864986,64,1,1.4939385986328126,11.65155786514282,150.3010581970215,1875,150.3010581970215,False,,D:\Projekty\Unity\Turbo_Dash\Training\runs\neat-discrete-5m-run1\checkpoints\neat-checkpoint-31.state.json
32,8331033,65931983,81575,1946561,64,1,1.9685067749023437,11.039356529712677,155.3390902709961,1958,155.3390902709961,False,,D:\Projekty\Unity\Turbo_Dash\Training\runs\neat-discrete-5m-run1\checkpoints\neat-checkpoint-32.state.json
33,21841074,3408770,63204,2009765,64,1,1.4017185974121094,3.770354030132293,11.713921813964845,2038,11.713921813964845,True,1160.8896813964843,D:\Projekty\Unity\Turbo_Dash\Training\runs\neat-discrete-5m-run1\checkpoints\neat-checkpoint-33.state.json
34,59124598,69388040,69176,2078941,64,1,1.3677870178222655,4.568565649986267,9.927286376953125,2038,9.927286376953125,False,,D:\Projekty\Unity\Turbo_Dash\Training\runs\neat-discrete-5m-run1\checkpoints\neat-checkpoint-34.state.json
35,16499895,57658392,75527,2154468,64,1,1.3959637451171876,5.089179592132568,12.120725708007813,2137,12.120725708007813,False,,D:\Projekty\Unity\Turbo_Dash\Training\runs\neat-discrete-5m-run1\checkpoints\neat-checkpoint-35.state.json
36,19327578,64361048,85289,2239757,64,1,1.939505157470703,8.45895183801651,138.70738342285156,2038,138.70738342285156,False,,D:\Projekty\Unity\Turbo_Dash\Training\runs\neat-discrete-5m-run1\checkpoints\neat-checkpoint-36.state.json
37,64256319,19851223,74853,2314610,64,1,1.9677796936035157,5.180541164875032,29.505849609375,2291,29.505849609375,False,,D:\Projekty\Unity\Turbo_Dash\Training\runs\neat-discrete-5m-run1\checkpoints\neat-checkpoint-37.state.json
38,49280072,52003026,71747,2386357,64,1,1.616613006591797,5.132928903102873,41.69411010742188,2351,41.69411010742188,False,,D:\Projekty\Unity\Turbo_Dash\Training\runs\neat-discrete-5m-run1\checkpoints\neat-checkpoint-38.state.json
39,60590804,74100845,95369,2481726,64,1,1.2503617858886718,11.367411437034606,152.0044415283203,2385,152.0044415283203,False,,D:\Projekty\Unity\Turbo_Dash\Training\runs\neat-discrete-5m-run1\checkpoints\neat-checkpoint-39.state.json
40,30638310,12206006,124704,2606430,64,1,1.9317024230957032,20.608452968597415,156.33207916259767,2454,156.33207916259767,True,1124.0639782714843,D:\Projekty\Unity\Turbo_Dash\Training\runs\neat-discrete-5m-run1\checkpoints\neat-checkpoint-40.state.json
41,17651914,11787090,80172,2686602,64,1,1.880872802734375,9.066948275566107,150.24930145263673,2499,150.24930145263673,False,,D:\Projekty\Unity\Turbo_Dash\Training\runs\neat-discrete-5m-run1\checkpoints\neat-checkpoint-41.state.json
42,16080979,38702443,89538,2776140,64,1,1.8637898254394532,10.379743838310244,153.51107421875,2584,153.51107421875,False,,D:\Projekty\Unity\Turbo_Dash\Training\runs\neat-discrete-5m-run1\checkpoints\neat-checkpoint-42.state.json
43,1314190,29905207,84443,2860583,64,1,2.0715435791015624,6.388846411705015,18.775035400390625,2666,18.775035400390625,False,,D:\Projekty\Unity\Turbo_Dash\Training\runs\neat-discrete-5m-run1\checkpoints\neat-checkpoint-43.state.json
44,64465777,42053771,102453,2963036,64,1,1.777692108154297,14.000995786190032,135.75518280029297,2703,135.75518280029297,False,,D:\Projekty\Unity\Turbo_Dash\Training\runs\neat-discrete-5m-run1\checkpoints\neat-checkpoint-44.state.json
45,44043622,44148351,108435,3071471,64,1,1.7486221313476564,16.646916558742525,151.28790313720702,2760,151.28790313720702,True,925.860608215332,D:\Projekty\Unity\Turbo_Dash\Training\runs\neat-discrete-5m-run1\checkpoints\neat-checkpoint-45.state.json
46,57134747,71692078,91658,3163129,64,1,2.38035400390625,12.420227189064025,154.695029296875,2815,154.695029296875,False,,D:\Projekty\Unity\Turbo_Dash\Training\runs\neat-discrete-5m-run1\checkpoints\neat-checkpoint-46.state.json
47,6445911,31580871,88055,3251184,64,1,1.4419966125488282,10.726553831100464,138.07923233032227,2874,138.07923233032227,False,,D:\Projekty\Unity\Turbo_Dash\Training\runs\neat-discrete-5m-run1\checkpoints\neat-checkpoint-47.state.json
48,4665518,70854246,84493,3335677,64,1,1.7447695922851563,7.863890628814698,133.1824383544922,2921,133.1824383544922,False,,D:\Projekty\Unity\Turbo_Dash\Training\runs\neat-discrete-5m-run1\checkpoints\neat-checkpoint-48.state.json
49,24668757,34303825,89942,3425619,64,1,1.5901030731201171,9.936239422559737,135.75853942871095,2927,135.75853942871095,False,,D:\Projekty\Unity\Turbo_Dash\Training\runs\neat-discrete-5m-run1\checkpoints\neat-checkpoint-49.state.json
50,39540275,33361264,132083,3557702,64,1,1.770136260986328,23.63755802154541,143.1988916015625,3060,143.1988916015625,True,6890.243840637207,D:\Projekty\Unity\Turbo_Dash\Training\runs\neat-discrete-5m-run1\checkpoints\neat-checkpoint-50.state.json
51,73053555,8854678,103042,3660744,64,1,1.9403068542480468,12.091393294334411,152.74438232421878,3107,152.74438232421878,False,,D:\Projekty\Unity\Turbo_Dash\Training\runs\neat-discrete-5m-run1\checkpoints\neat-checkpoint-51.state.json
52,6341182,66665086,105387,3766131,64,1,2.359631042480469,11.400841438770295,127.85017456054688,3194,127.85017456054688,False,,D:\Projekty\Unity\Turbo_Dash\Training\runs\neat-discrete-5m-run1\checkpoints\neat-checkpoint-52.state.json
53,38178798,54935438,96772,3862903,64,1,1.9130084228515625,12.640025761127468,153.42606689453126,3194,153.42606689453126,False,,D:\Projekty\Unity\Turbo_Dash\Training\runs\neat-discrete-5m-run1\checkpoints\neat-checkpoint-53.state.json
54,51374652,10006697,179860,4042763,64,1,2.7697828674316405,29.206211116313934,254.22293945312498,3331,254.22293945312498,True,2612.9772897338867,D:\Projekty\Unity\Turbo_Dash\Training\runs\neat-discrete-5m-run1\checkpoints\neat-checkpoint-54.state.json
55,64779964,40692294,132795,4175558,64,1,2.7627204895019526,18.17396044015885,236.36,3380,236.36,False,,D:\Projekty\Unity\Turbo_Dash\Training\runs\neat-discrete-5m-run1\checkpoints\neat-checkpoint-55.state.json
56,56192186,23621467,132689,4308247,64,1,2.0730706787109376,24.318095386028297,264.67074218749997,3454,264.67074218749997,False,,D:\Projekty\Unity\Turbo_Dash\Training\runs\neat-discrete-5m-run1\checkpoints\neat-checkpoint-56.state.json
57,2989854,47394950,105202,4413449,64,1,1.4413252258300782,11.065313806533814,231.9592578125,3454,231.9592578125,False,,D:\Projekty\Unity\Turbo_Dash\Training\runs\neat-discrete-5m-run1\checkpoints\neat-checkpoint-57.state.json
58,67921834,33780180,162978,4576427,64,1,2.6517147827148437,33.67545130491257,158.96697509765625,3454,158.96697509765625,True,9070.997690124512,D:\Projekty\Unity\Turbo_Dash\Training\runs\neat-discrete-5m-run1\checkpoints\neat-checkpoint-58.state.json
59,5503350,26868066,94429,4670856,64,1,1.648911590576172,12.607930335998542,245.44666015625,3620,245.44666015625,False,,D:\Projekty\Unity\Turbo_Dash\Training\runs\neat-discrete-5m-run1\checkpoints\neat-checkpoint-59.state.json
60,3827686,61219178,126663,4797519,64,1,1.6997808837890624,18.272791159152987,239.7733203125,3663,239.7733203125,False,,D:\Projekty\Unity\Turbo_Dash\Training\runs\neat-discrete-5m-run1\checkpoints\neat-checkpoint-60.state.json
61,55668541,67398189,202696,5000215,64,1,2.533054656982422,43.376650321483616,239.30400390625,3782,239.30400390625,True,11254.201082763671,D:\Projekty\Unity\Turbo_Dash\Training\runs\neat-discrete-5m-run1\checkpoints\neat-checkpoint-61.state.json
