run_id,experiment_seed,budget,generations_completed,total_train_transitions,total_wall_clock_seconds,training_only_wall_clock_seconds,species_count_min,species_count_mean,species_count_max,final_species_count,best_validated_genome_id,selected_generation,selected_genome_id,selected_species_id,train_transitions_at_selection,elapsed_total_wall_seconds_at_selection,elapsed_training_wall_seconds_at_selection,enabled_connection_count,disabled_connection_count,total_node_count,hidden_node_count,input_count,output_count,feed_forward_layer_count,validation_500_reused,checkpoint_50_transitions,checkpoint_50_total_wall_seconds,checkpoint_50_training_wall_seconds,checkpoint_50_species_count,checkpoint_50_best_training_fitness,checkpoint_100_transitions,checkpoint_100_total_wall_seconds,checkpoint_100_training_wall_seconds,checkpoint_100_species_count,checkpoint_100_best_training_fitness,checkpoint_150_transitions,checkpoint_150_total_wall_seconds,checkpoint_150_training_wall_seconds,checkpoint_150_species_count,checkpoint_150_best_training_fitness,checkpoint_200_transitions,checkpoint_200_total_wall_seconds,checkpoint_200_training_wall_seconds,checkpoint_200_species_count,checkpoint_200_best_training_fitness,validation_300_finalScore_mean,validation_300_finalScore_median,validation_300_finalScore_std,validation_300_survivalTime_mean,validation_300_survivalTime_median,validation_300_survivalTime_std,validation_300_lifeLossCount_mean,validation_300_lifeLossCount_median,validation_300_lifeLossCount_std,validation_300_collisions_mean,validation_300_collisions_median,validation_300_collisions_std,validation_300_obstaclesAvoided_mean,validation_300_obstaclesAvoided_median,validation_300_obstaclesAvoided_std,validation_300_maxLevel_mean,validation_300_maxLevel_median,validation_300_maxLevel_std,validation_300_Heart_mean,validation_300_Heart_median,validation_300_Heart_std,validation_300_Shield_mean,validation_300_Shield_median,validation_300_Shield_std,validation_300_Boost_mean,validation_300_Boost_median,validation_300_Boost_std,validation_300_Gold_mean,validation_300_Gold_median,validation_300_Gold_std,validation_300_Diamond_mean,validation_300_Diamond_median,validation_300_Diamond_std,validation_300_turboActivations_mean,validation_300_turboActivations_median,validation_300_turboActivations_std,validation_300_MaxDuration_count,validation_300_LivesExhausted_count,validation_500_finalScore_mean,validation_500_finalScore_median,validation_500_finalScore_std,validation_500_survivalTime_mean,validation_500_survivalTime_median,validation_500_survivalTime_std,validation_500_lifeLossCount_mean,validation_500_lifeLossCount_median,validation_500_lifeLossCount_std,validation_500_collisions_mean,validation_500_collisions_median,validation_500_collisions_std,validation_500_obstaclesAvoided_mean,validation_500_obstaclesAvoided_median,validation_500_obstaclesAvoided_std,validation_500_maxLevel_mean,validation_500_maxLevel_median,validation_500_maxLevel_std,validation_500_Heart_mean,validation_500_Heart_median,validation_500_Heart_std,validation_500_Shield_mean,validation_500_Shield_median,validation_500_Shield_std,validation_500_Boost_mean,validation_500_Boost_median,validation_500_Boost_std,validation_500_Gold_mean,validation_500_Gold_median,validation_500_Gold_std,validation_500_Diamond_mean,validation_500_Diamond_median,validation_500_Diamond_std,validation_500_turboActivations_mean,validation_500_turboActivations_median,validation_500_turboActivations_std,validation_500_MaxDuration_count,validation_500_LivesExhausted_count
neat-discrete-v2-200g-run1,20260922,best_interaction_matched,200,22990454,14285.715662700008,10577.96556869999,2,2.62,7,2,4732,59,3270,2,4020096,2299.0120075000013,1871.2914365999604,30,47,240,1,236,3,2,False,2922873,1612.2892912000098,1378.6276301999897,2,137.6604754638672,9370890,5715.2583973,4266.082118400009,2,138.55239257812502,15837772,9804.70513300001,7225.182572399965,2,144.2252966308594,22990454,14285.179084000003,10577.96556869999,2,279.515361328125,5373.508957519532,1244.1998901367188,9388.12246525033,89.48413816452026,50.26757049560547,97.48129964801579,2.99,3.0,0.9433451118228153,9.58,4.0,13.29975939631992,42.92,34.0,32.238076865718895,5.81,2.0,9.301284857480713,0.73,0.0,1.2872839624573904,0.42,0.0,0.7896834808959853,0.6,0.0,1.1135528725660044,42.75,22.0,50.71239986433299,0.65,0.0,1.1169153951844337,0.18,0.0,0.3841874542459709,16,84,14181.657654418945,1255.4204711914062,29340.30537815141,122.90901987075806,50.0576057434082,169.25078472704752,2.99,3.0,0.8425556361451747,14.33,4.0,23.55633884965998,51.63,36.0,48.13349249742844,14.2,2.0,28.320310732758564,0.81,0.0,1.426148659852822,0.6,0.0,1.216552506059644,0.87,0.0,1.6652627420320194,57.01,22.5,82.06442530110108,0.87,0.0,1.6349617732534298,0.18,0.0,0.3841874542459709,16,84
neat-discrete-v2-200g-run1,20260922,best_wallclock_matched,200,22990454,14285.715662700008,10577.96556869999,2,2.62,7,2,4732,83,4732,2,7024769,4312.257676900001,3219.3651723999646,13,65,241,2,236,3,2,False,2922873,1612.2892912000098,1378.6276301999897,2,137.6604754638672,9370890,5715.2583973,4266.082118400009,2,138.55239257812502,15837772,9804.70513300001,7225.182572399965,2,144.2252966308594,22990454,14285.179084000003,10577.96556869999,2,279.515361328125,15488.669075927734,22900.02734375,11410.952217985463,207.1882842063904,301.1325988769531,118.32059183675429,2.23,2.0,1.3553966209195005,12.12,13.0,7.622702932687329,95.61,105.5,48.91112245696269,15.83,23.0,11.296065686777853,1.49,1.0,1.5715915499900093,1.48,1.0,1.64,1.4,1.0,1.5362291495737217,115.79,145.5,69.50773985679581,1.49,1.0,1.4247455913249916,0.61,1.0,0.4877499359302879,59,41,39254.67101135254,30257.66015625,36380.65848797672,294.59044765472413,369.4542541503906,211.28060371720284,2.48,3.0,1.381882773609976,17.28,20.0,12.983897719868253,132.23,132.0,87.50346907408871,38.83,30.5,35.488041647856534,2.06,1.0,2.2926840166058646,2.04,1.0,2.0732583051805196,1.88,2.0,2.0556264252047356,156.2,179.5,113.68588302863289,2.2,2.0,2.240535650240808,0.65,1.0,0.5361902647381804,49,51
neat-discrete-v2-200g-run1,20260922,best_200_generations,200,22990454,14285.715662700008,10577.96556869999,2,2.62,7,2,4732,83,4732,2,7024769,4312.257676900001,3219.3651723999646,13,65,241,2,236,3,2,True,2922873,1612.2892912000098,1378.6276301999897,2,137.6604754638672,9370890,5715.2583973,4266.082118400009,2,138.55239257812502,15837772,9804.70513300001,7225.182572399965,2,144.2252966308594,22990454,14285.179084000003,10577.96556869999,2,279.515361328125,15488.669075927734,22900.02734375,11410.952217985463,207.1882842063904,301.1325988769531,118.32059183675429,2.23,2.0,1.3553966209195005,12.12,13.0,7.622702932687329,95.61,105.5,48.91112245696269,15.83,23.0,11.296065686777853,1.49,1.0,1.5715915499900093,1.48,1.0,1.64,1.4,1.0,1.5362291495737217,115.79,145.5,69.50773985679581,1.49,1.0,1.4247455913249916,0.61,1.0,0.4877499359302879,59,41,39254.67101135254,30257.66015625,36380.65848797672,294.59044765472413,369.4542541503906,211.28060371720284,2.48,3.0,1.381882773609976,17.28,20.0,12.983897719868253,132.23,132.0,87.50346907408871,38.83,30.5,35.488041647856534,2.06,1.0,2.2926840166058646,2.04,1.0,2.0732583051805196,1.88,2.0,2.0556264252047356,156.2,179.5,113.68588302863289,2.2,2.0,2.240535650240808,0.65,1.0,0.5361902647381804,49,51
neat-discrete-v2-200g-run2,20260923,best_interaction_matched,200,35161960,25830.658243900005,16741.781848299885,2,2.97,8,3,6350,65,3580,8,5038368,3447.1949779999995,2745.684816299996,30,49,240,1,236,3,2,False,3339730,2188.2405202999944,1835.3220244000258,3,138.47835174560547,11247089,8649.455594300001,6211.352345499981,2,152.00283599853515,22332410,16499.236694399995,11114.123250299934,2,141.08747375488284,35161960,25830.595172600006,16741.781848299885,3,253.495859375,5114.958864440918,1334.15771484375,8860.586789305915,93.89870946884156,58.65116310119629,91.67361306583466,2.9,3.0,0.9,8.62,4.0,11.316165428271185,21.4,17.0,13.701094846763159,5.56,2.0,8.74107544870767,0.56,0.0,1.125344391730816,0.51,0.0,0.9219002115196633,0.53,0.0,1.1265433857601757,45.97,27.5,50.479392825191546,0.52,0.0,0.8885943956609225,0.18,0.0,0.3841874542459709,15,85,14172.445468444825,1395.71337890625,28363.499504557447,129.8154706954956,55.39171028137207,168.0827137658051,2.93,3.0,0.8155366331440912,13.6,4.0,21.644860821913362,53.61,38.0,41.40649586719456,14.28,2.0,27.429210706835878,0.78,0.0,1.54,0.71,0.0,1.498632710172843,0.72,0.0,1.5432433379088342,61.73,27.0,83.55858483722663,0.78,0.0,1.21309521472966,0.22,0.0,0.4142463035441596,16,84
neat-discrete-v2-200g-run2,20260923,best_wallclock_matched,200,35161960,25830.658243900005,16741.781848299885,2,2.97,8,3,6350,75,4150,79,6710911,4945.585832700002,3804.5355664999806,33,49,240,1,236,3,2,False,3339730,2188.2405202999944,1835.3220244000258,3,138.47835174560547,11247089,8649.455594300001,6211.352345499981,2,152.00283599853515,22332410,16499.236694399995,11114.123250299934,2,141.08747375488284,35161960,25830.595172600006,16741.781848299885,3,253.495859375,11290.396756896973,2100.001220703125,11701.436410633727,161.81666599273683,86.34003448486328,120.15309250244104,2.7,3.0,0.8426149773176359,15.12,5.0,14.010196286990414,25.43,16.0,16.681279926912083,11.65,3.0,11.524213639116553,1.09,0.0,1.4219353009191382,0.8,0.0,1.140175425099138,0.99,0.0,1.5066187308008618,80.45,49.5,64.64199486402009,1.12,1.0,1.4161920773680383,0.46,0.0,0.4983974317750845,41,59,22284.832842712403,1859.7593994140625,33368.48532631578,184.80998447418213,73.42227554321289,197.0051943974663,2.97,3.0,0.8301204731844649,18.07,4.0,22.72498844884195,73.04,51.5,50.865100019561545,22.14,2.0,32.26515767821382,1.3,0.0,1.786057109949175,1.02,0.0,1.6612043823684068,1.05,0.0,1.6209565077447328,85.41,37.0,92.1332833453796,1.18,1.0,1.6393901305058536,0.34,0.0,0.4737087712930804,27,73
neat-discrete-v2-200g-run2,20260923,best_200_generations,200,35161960,25830.658243900005,16741.781848299885,2,2.97,8,3,6350,111,6350,8,13001550,10021.025076999998,7010.417972499956,11,67,240,1,236,3,2,False,3339730,2188.2405202999944,1835.3220244000258,3,138.47835174560547,11247089,8649.455594300001,6211.352345499981,2,152.00283599853515,22332410,16499.236694399995,11114.123250299934,2,141.08747375488284,35161960,25830.595172600006,16741.781848299885,3,253.495859375,14120.654242248535,22859.5146484375,11631.849102963404,192.57183408737183,300.2667541503906,119.77528411601656,2.51,3.0,1.0999545445153631,21.15,27.5,16.693336994142303,72.15,72.5,36.622499914669945,14.45,23.0,11.51466456306913,1.39,1.0,1.4275503493747603,0.99,1.0,1.284484332329515,1.41,1.0,1.7837881040078722,98.26,115.0,66.06127761404558,1.35,1.0,1.479019945774904,0.57,1.0,0.49507575177946256,52,48,38201.85504577637,9401.614501953125,37792.109193249395,278.2502651786804,184.2347526550293,215.7109632010429,2.46,3.0,1.260317420335052,34.53,16.0,31.736872876828933,66.54,61.0,43.08234441160323,37.61,10.0,36.565255366262654,1.65,1.0,1.7628102563804193,1.6,1.0,1.9026297590440449,1.59,1.0,1.9395618061820046,125.08,102.5,96.63495019919036,1.79,1.0,1.9041796133768474,0.57,1.0,0.49507575177946256,46,54
neat-discrete-v2-200g-run3,20260924,best_interaction_matched,200,27662758,18497.0085022,12323.285069900085,2,2.705,7,2,8134,80,4496,2,5064717,2782.6020352999913,2308.0837186000717,32,50,241,2,236,3,2,False,2671336,1446.7448278999946,1219.6154498000542,3,148.23650283813478,7314479,4109.048479999998,3320.784347500099,2,128.04589416503907,17045734,10899.867426799989,7642.619127600119,2,145.19288818359377,27662758,18496.479211499987,12323.285069900085,2,119.21521789550782,5173.582556762695,1147.8225708007812,9009.17780174286,86.97903791427612,46.24324607849121,98.08473660301827,3.01,3.0,0.4998999899979995,10.51,4.0,15.483213490745388,38.93,32.0,26.317391588073466,5.66,2.0,8.94563580747618,0.59,0.0,1.0685972113008717,0.42,0.0,0.7096477999684069,0.55,0.0,1.0428326807307104,42.56,22.0,52.26362406110009,0.65,0.0,1.16940155635265,0.2,0.0,0.4,16,84,10013.879027709962,1157.1171875,24720.23679057298,97.71974409103393,46.5331974029541,145.44109768392806,3.06,3.0,0.5063595560468865,11.85,4.0,22.35234886986153,37.38,28.5,29.55056006237445,10.22,2.0,23.826699309807896,0.56,0.0,1.0892199043352082,0.44,0.0,0.9830564581955606,0.59,0.0,1.209090567327361,44.39,22.0,67.60087203579552,0.55,0.0,0.9630680142129111,0.17,0.0,0.37563279941985894,11,89
neat-discrete-v2-200g-run3,20260924,best_wallclock_matched,200,27662758,18497.0085022,12323.285069900085,2,2.705,7,2,8134,104,5921,2,8183916,4679.128645399993,3706.695720700125,21,63,241,2,236,3,2,False,2671336,1446.7448278999946,1219.6154498000542,3,148.23650283813478,7314479,4109.048479999998,3320.784347500099,2,128.04589416503907,17045734,10899.867426799989,7642.619127600119,2,145.19288818359377,27662758,18496.479211499987,12323.285069900085,2,119.21521789550782,9381.916083374024,1963.1376342773438,11192.99588468573,139.87870100021362,76.71297836303711,116.40159536204935,2.73,3.0,0.8701149349367588,13.96,4.0,15.11020846977301,62.26,54.5,35.491863856382636,9.75,2.0,11.054750110246726,0.94,0.0,1.2395160345876934,0.76,0.0,1.1056219968868202,0.95,0.0,1.4239030865898141,71.62,41.0,64.42961741311211,0.87,0.0,1.1887388274974449,0.35,0.0,0.47696960070847283,33,67,26185.356238708497,1919.9290771484375,35258.62063526911,205.32744525909425,74.60752868652344,205.9055955540462,2.74,3.0,0.8558037158133868,21.57,4.0,25.276967777009965,75.16,52.0,53.68048434952874,25.93,2.0,34.18808418148054,1.24,0.0,1.7036431551237483,1.15,0.0,1.5580436450882882,1.23,0.0,1.8322390673708493,96.47,41.0,98.22784279418947,1.25,1.0,1.5835087622113115,0.37,0.0,0.48280430818293246,31,69
neat-discrete-v2-200g-run3,20260924,best_200_generations,200,27662758,18497.0085022,12323.285069900085,2,2.705,7,2,8134,141,8134,2,15100645,9642.263234499987,6778.681834900126,11,80,242,3,236,3,2,False,2671336,1446.7448278999946,1219.6154498000542,3,148.23650283813478,7314479,4109.048479999998,3320.784347500099,2,128.04589416503907,17045734,10899.867426799989,7642.619127600119,2,145.19288818359377,27662758,18496.479211499987,12323.285069900085,2,119.21521789550782,14635.0375,22782.0849609375,11777.618268907008,194.30720376968384,300.8723449707031,123.12395623423471,2.26,2.5,1.0547037498748169,17.75,22.5,13.287870408760012,87.13,100.5,47.49308475978371,15.0,23.0,11.666190466471907,1.44,1.0,1.5704776343520463,1.21,1.0,1.3363756956784272,1.39,1.0,1.605584005899411,102.35,127.0,71.54947588906575,1.49,1.0,1.519835517416276,0.58,1.0,0.4935585071701226,55,45,39742.59798400879,46601.13671875,37627.251122417554,285.0964616394043,431.3045959472656,220.29247412626177,2.38,3.0,1.12942463227964,29.31,39.0,25.518501131532002,94.12,104.5,58.2927576976763,39.18,47.0,36.60365555514913,1.91,1.0,2.005467526538388,1.61,1.0,1.9539447279797861,1.9,1.0,2.046948949045872,137.08,195.5,109.14372909150576,1.82,1.0,1.9868568141665368,0.57,1.0,0.49507575177946256,48,52
