generation,seed_a,seed_b,generation_transitions,cumulative_transitions,elapsed_total_wall_seconds,elapsed_training_wall_seconds,species_before,species_count,genome_count,fitness_min,fitness_mean,fitness_max,best_training_fitness_so_far,champion_id,champion_species_id,champion_enabled_connections,champion_disabled_connections,champion_hidden_nodes,validation_performed,validation_mean_final_score,checkpoint_state,milestone
1,55040167,39226088,40142,40142,45.889503200000036,17.970006600000488,4,5,64,1.2598162841796874,2.3045408082008363,4.51090576171875,4.51090576171875,7,1,24,0,0,True,421.22005432128907,D:\Projekty\Unity\Turbo_Dash\Training\runs\neat-continuous-v1-200g-run2\checkpoints\neat-checkpoint-1.state.json,False
2,70225872,50432091,43884,84026,70.64430580000044,37.45735650000279,5,5,64,1.2872140502929688,2.59591432094574,5.170650787353516,5.170650787353516,82,1,26,1,1,False,,D:\Projekty\Unity\Turbo_Dash\Training\runs\neat-continuous-v1-200g-run2\checkpoints\neat-checkpoint-2.state.json,False
3,48023324,23307280,43352,127378,90.07840999999462,56.85549880000326,5,5,64,1.4330364990234374,2.601337034702301,5.440751037597657,5.440751037597657,135,5,25,0,0,False,,D:\Projekty\Unity\Turbo_Dash\Training\runs\neat-continuous-v1-200g-run2\checkpoints\neat-checkpoint-3.state.json,False
4,54725980,3722957,55798,183176,114.90900149999652,81.659433000008,5,5,64,1.2062321472167967,5.565194919109344,150.6346142578125,150.6346142578125,181,3,25,0,0,False,,D:\Projekty\Unity\Turbo_Dash\Training\runs\neat-continuous-v1-200g-run2\checkpoints\neat-checkpoint-4.state.json,False
5,37550424,20689055,45880,229056,135.22223870000016,101.94774310000503,5,5,64,1.0884919738769532,4.590633172988892,149.25469940185548,150.6346142578125,233,2,21,1,0,False,,D:\Projekty\Unity\Turbo_Dash\Training\runs\neat-continuous-v1-200g-run2\checkpoints\neat-checkpoint-5.state.json,False
6,47080763,11368174,47478,276534,156.1257512999946,122.82683530000213,5,5,64,1.3262548828125,2.935259895324707,5.485775146484375,150.6346142578125,330,2,20,1,0,False,,D:\Projekty\Unity\Turbo_Dash\Training\runs\neat-continuous-v1-200g-run2\checkpoints\neat-checkpoint-6.state.json,False
7,25192402,50117904,44520,321054,175.8513776999971,142.5263296999983,5,5,64,1.595257568359375,2.7099393391609192,4.674851989746093,150.6346142578125,353,1,26,1,0,False,,D:\Projekty\Unity\Turbo_Dash\Training\runs\neat-continuous-v1-200g-run2\checkpoints\neat-checkpoint-7.state.json,False
8,41425397,47499679,47163,368217,196.55574549999437,163.20488179999666,5,5,64,1.1815052795410155,2.9388189578056334,6.261253662109375,150.6346142578125,353,1,26,1,0,False,,D:\Projekty\Unity\Turbo_Dash\Training\runs\neat-continuous-v1-200g-run2\checkpoints\neat-checkpoint-8.state.json,False
9,20060681,48337511,50231,418448,218.77407989999483,185.39894799999456,5,5,64,1.7317047119140625,3.2279908204078676,6.735348815917968,150.6346142578125,497,5,25,2,0,False,,D:\Projekty\Unity\Turbo_Dash\Training\runs\neat-continuous-v1-200g-run2\checkpoints\neat-checkpoint-9.state.json,False
10,52317213,31999787,56428,474876,243.76626589999796,210.35964439999952,5,5,64,1.4819117736816407,3.853990936279297,8.743671875,150.6346142578125,551,5,26,1,0,False,,D:\Projekty\Unity\Turbo_Dash\Training\runs\neat-continuous-v1-200g-run2\checkpoints\neat-checkpoint-10.state.json,False
11,7807388,47394950,49204,524080,295.2047018999947,232.1340510000009,5,5,64,1.7898957824707031,3.219662873744965,5.245090942382813,150.6346142578125,566,1,23,3,0,True,860.2126699829101,D:\Projekty\Unity\Turbo_Dash\Training\runs\neat-continuous-v1-200g-run2\checkpoints\neat-checkpoint-11.state.json,False
12,12834380,3932415,56028,580108,324.85032330000104,256.4914142999987,5,5,64,1.6598846435546877,5.595149240493774,153.9922357177734,153.9922357177734,619,2,24,3,2,False,,D:\Projekty\Unity\Turbo_Dash\Training\runs\neat-continuous-v1-200g-run2\checkpoints\neat-checkpoint-12.state.json,False
13,67188731,49384801,53314,633422,348.50295819999883,280.11706949999643,5,5,64,1.7491282653808593,3.435045955181122,7.013291931152343,153.9922357177734,698,2,21,4,1,False,,D:\Projekty\Unity\Turbo_Dash\Training\runs\neat-continuous-v1-200g-run2\checkpoints\neat-checkpoint-13.state.json,False
14,24145112,43101061,58337,691759,374.47778760000074,306.06487269999343,5,5,64,1.452050018310547,5.484198725223541,133.63604263305663,153.9922357177734,736,1,24,2,0,False,,D:\Projekty\Unity\Turbo_Dash\Training\runs\neat-continuous-v1-200g-run2\checkpoints\neat-checkpoint-14.state.json,False
15,65827254,12206006,62817,754576,402.9337450999956,334.49331989999337,5,5,64,1.7775096130371095,4.661781003475189,33.02609497070313,153.9922357177734,816,1,25,2,0,False,,D:\Projekty\Unity\Turbo_Dash\Training\runs\neat-continuous-v1-200g-run2\checkpoints\neat-checkpoint-15.state.json,False
16,36922050,35560573,66422,820998,432.85040079999453,364.37884599999234,5,5,64,1.8059828186035156,7.384183652400971,155.84382659912112,155.84382659912112,848,2,26,5,3,False,,D:\Projekty\Unity\Turbo_Dash\Training\runs\neat-continuous-v1-200g-run2\checkpoints\neat-checkpoint-16.state.json,False
17,14824231,47709137,67094,888092,462.57957429999806,394.0793797999868,5,5,64,1.6685205078124998,9.305854387283325,261.52759765625,261.52759765625,888,5,26,4,0,False,,D:\Projekty\Unity\Turbo_Dash\Training\runs\neat-continuous-v1-200g-run2\checkpoints\neat-checkpoint-17.state.json,False
18,73367742,30114665,65969,954061,493.2363949999999,424.70912669998506,5,5,64,1.1503421020507811,8.368566882610322,149.1029330444336,261.52759765625,950,1,24,2,0,False,,D:\Projekty\Unity\Turbo_Dash\Training\runs\neat-continuous-v1-200g-run2\checkpoints\neat-checkpoint-18.state.json,False
19,31685600,52421942,59728,1013789,566.070464599994,451.0347120999868,5,3,64,1.493356170654297,4.218662598133087,14.978480224609376,261.52759765625,1002,5,26,5,0,True,1727.2531872558593,D:\Projekty\Unity\Turbo_Dash\Training\runs\neat-continuous-v1-200g-run2\checkpoints\neat-checkpoint-19.state.json,False
20,49070614,29172104,66102,1079891,601.4481715000002,481.09314699998504,3,3,64,1.3178660583496093,6.590115475654602,138.61295806884766,261.52759765625,996,5,26,4,0,False,,D:\Projekty\Unity\Turbo_Dash\Training\runs\neat-continuous-v1-200g-run2\checkpoints\neat-checkpoint-20.state.json,False
21,74205574,2047293,57786,1137677,627.1313535000008,506.7502929999828,3,3,64,1.3304975891113282,3.8795319271087645,11.088697509765625,261.52759765625,1147,5,25,7,1,False,,D:\Projekty\Unity\Turbo_Dash\Training\runs\neat-continuous-v1-200g-run2\checkpoints\neat-checkpoint-21.state.json,False
22,26868066,2152022,53589,1191266,651.1761964999969,530.7670335999792,3,3,64,1.332696075439453,3.582622752189636,7.788495483398437,261.52759765625,1194,5,26,6,1,False,,D:\Projekty\Unity\Turbo_Dash\Training\runs\neat-continuous-v1-200g-run2\checkpoints\neat-checkpoint-22.state.json,False
23,69492769,23412009,56796,1248062,676.4907994999958,556.0548309999795,3,3,64,1.4484658813476563,3.8626011395454407,10.511319580078126,261.52759765625,1054,1,24,3,0,False,,D:\Projekty\Unity\Turbo_Dash\Training\runs\neat-continuous-v1-200g-run2\checkpoints\neat-checkpoint-23.state.json,False
24,18070830,4770247,98868,1346930,721.1517387999993,600.6882371999818,3,3,64,1.7672659301757814,14.756640944480896,147.65495758056642,261.52759765625,1054,1,24,3,0,False,,D:\Projekty\Unity\Turbo_Dash\Training\runs\neat-continuous-v1-200g-run2\checkpoints\neat-checkpoint-24.state.json,False
25,31371413,41634855,134569,1481499,781.376099299996,660.8848924999838,3,3,64,1.9187364196777343,26.18954924106598,151.8962289428711,261.52759765625,1370,1,24,3,0,False,,D:\Projekty\Unity\Turbo_Dash\Training\runs\neat-continuous-v1-200g-run2\checkpoints\neat-checkpoint-25.state.json,False
26,12520193,62999571,106724,1588223,874.7369685999947,708.5441602999854,3,3,64,1.6183747863769533,13.540955693721772,135.83570007324218,261.52759765625,1370,1,24,3,0,True,1722.0932330322266,D:\Projekty\Unity\Turbo_Dash\Training\runs\neat-continuous-v1-200g-run2\checkpoints\neat-checkpoint-26.state.json,False
27,28753188,63418487,96752,1684975,922.9609858999975,751.4824500999894,3,3,64,1.805865020751953,13.246241524219514,150.907314453125,261.52759765625,1479,1,24,3,0,False,,D:\Projekty\Unity\Turbo_Dash\Training\runs\neat-continuous-v1-200g-run2\checkpoints\neat-checkpoint-27.state.json,False
28,26239692,37026779,69120,1754095,954.7264395999955,783.2198503999898,3,3,64,1.4283842468261718,6.3617756342887875,73.5266941833496,261.52759765625,1546,1,22,4,0,False,,D:\Projekty\Unity\Turbo_Dash\Training\runs\neat-continuous-v1-200g-run2\checkpoints\neat-checkpoint-28.state.json,False
29,51898297,66665086,56718,1810813,979.8256725999963,808.2934686999943,3,3,64,1.4748228454589845,3.8673695659637453,7.895392761230468,261.52759765625,1605,1,24,4,0,False,,D:\Projekty\Unity\Turbo_Dash\Training\runs\neat-continuous-v1-200g-run2\checkpoints\neat-checkpoint-29.state.json,False
30,62161739,6864827,68061,1878874,1010.3145158999978,838.7539434999999,3,3,64,1.662684326171875,6.2590205240249634,124.33761840820313,261.52759765625,1651,1,22,4,0,False,,D:\Projekty\Unity\Turbo_Dash\Training\runs\neat-continuous-v1-200g-run2\checkpoints\neat-checkpoint-30.state.json,False
31,50746278,56087457,81649,1960523,1046.0587277999948,874.470038200001,3,2,64,1.7922227478027344,10.63471749305725,134.048251953125,261.52759765625,1687,5,24,10,1,False,,D:\Projekty\Unity\Turbo_Dash\Training\runs\neat-continuous-v1-200g-run2\checkpoints\neat-checkpoint-31.state.json,False
32,57867850,25297131,116795,2077318,1142.0551520000008,926.0092984000003,2,2,64,1.6672685241699219,18.818609204292297,149.00240203857422,261.52759765625,1744,1,19,7,0,True,1505.3610083007814,D:\Projekty\Unity\Turbo_Dash\Training\runs\neat-continuous-v1-200g-run2\checkpoints\neat-checkpoint-32.state.json,False
33,1418919,19955952,83919,2161237,1184.174728099999,962.8127317000035,2,2,64,1.8119914245605468,9.513122413158417,134.8391162109375,261.52759765625,1807,5,21,13,1,False,,D:\Projekty\Unity\Turbo_Dash\Training\runs\neat-continuous-v1-200g-run2\checkpoints\neat-checkpoint-33.state.json,False
34,50955736,38807172,64422,2225659,1212.818565499998,991.4282286000016,2,2,64,1.6195941162109375,4.590235934257508,11.516285095214844,261.52759765625,1875,5,25,10,1,False,,D:\Projekty\Unity\Turbo_Dash\Training\runs\neat-continuous-v1-200g-run2\checkpoints\neat-checkpoint-34.state.json,False
35,33256535,37969340,81190,2306849,1250.4309600999986,1029.0046107000016,2,2,64,1.468641815185547,7.993020491600037,132.67701232910156,261.52759765625,1929,1,20,9,0,False,,D:\Projekty\Unity\Turbo_Dash\Training\runs\neat-continuous-v1-200g-run2\checkpoints\neat-checkpoint-35.state.json,False
36,13358025,40378107,76035,2382884,1284.190485799998,1062.7351677000042,2,2,64,1.4721493530273437,7.189802887439727,130.70170501708984,261.52759765625,1998,5,21,13,1,False,,D:\Projekty\Unity\Turbo_Dash\Training\runs\neat-continuous-v1-200g-run2\checkpoints\neat-checkpoint-36.state.json,False
37,60800262,20898513,94330,2477214,1326.2123453999957,1104.726131000003,2,2,64,1.7915467834472656,13.692585208415984,257.28447265625,261.52759765625,1939,5,21,13,1,False,,D:\Projekty\Unity\Turbo_Dash\Training\runs\neat-continuous-v1-200g-run2\checkpoints\neat-checkpoint-37.state.json,False
38,1523648,12624922,78574,2555788,1432.0599319999965,1140.5758895000035,2,2,64,1.6445492553710939,9.123660397529601,134.37450927734375,261.52759765625,2117,1,20,8,0,True,4131.204743347168,D:\Projekty\Unity\Turbo_Dash\Training\runs\neat-continuous-v1-200g-run2\checkpoints\neat-checkpoint-38.state.json,False
39,37655153,35036928,98961,2654749,1481.7487877999956,1184.9610482000062,2,2,64,1.6308854675292968,11.629356665611267,137.37695129394533,261.52759765625,2165,5,16,15,0,False,,D:\Projekty\Unity\Turbo_Dash\Training\runs\neat-continuous-v1-200g-run2\checkpoints\neat-checkpoint-39.state.json,False
40,11787090,24564028,123117,2777866,1536.2671816000002,1239.4516581000062,2,2,64,1.9222222900390626,25.382049465179445,154.42849670410158,261.52759765625,2246,1,16,16,0,False,,D:\Projekty\Unity\Turbo_Dash\Training\runs\neat-continuous-v1-200g-run2\checkpoints\neat-checkpoint-40.state.json,False
41,11682361,46138202,125694,2903560,1592.3967157999941,1295.5547863000102,2,2,64,2.1251849365234374,26.02276618719101,155.83514404296875,261.52759765625,2259,5,21,13,1,False,,D:\Projekty\Unity\Turbo_Dash\Training\runs\neat-continuous-v1-200g-run2\checkpoints\neat-checkpoint-41.state.json,False
42,67921834,64779964,112244,3015804,1699.0903279999984,1345.3789190000098,2,2,64,1.3702684020996092,14.792027955055238,141.62716918945313,261.52759765625,2356,1,18,11,0,True,2531.084587402344,D:\Projekty\Unity\Turbo_Dash\Training\runs\neat-continuous-v1-200g-run2\checkpoints\neat-checkpoint-42.state.json,False
43,37340966,66350899,118969,3134773,1757.1600522999943,1398.1779241000113,2,2,64,1.4636985778808593,18.448074610233306,208.37029296875,261.52759765625,2444,1,16,13,0,False,,D:\Projekty\Unity\Turbo_Dash\Training\runs\neat-continuous-v1-200g-run2\checkpoints\neat-checkpoint-43.state.json,False
44,4979705,54097606,109978,3244751,1806.712081699996,1447.7006579000154,2,2,64,1.6917752075195311,15.328637161254882,259.79240234375,261.52759765625,2444,1,16,13,0,False,,D:\Projekty\Unity\Turbo_Dash\Training\runs\neat-continuous-v1-200g-run2\checkpoints\neat-checkpoint-44.state.json,False
45,62266468,14091128,136517,3381268,1867.3221654000008,1508.2816818000138,2,2,64,1.6751731872558593,29.742243518829344,145.91231384277344,261.52759765625,2533,5,19,15,1,False,,D:\Projekty\Unity\Turbo_Dash\Training\runs\neat-continuous-v1-200g-run2\checkpoints\neat-checkpoint-45.state.json,False
46,17232998,14928960,110998,3492266,1915.9508675999969,1556.8838424000132,2,2,64,2.5429257202148436,15.996935012340545,137.00103637695312,261.52759765625,2616,5,17,17,1,False,,D:\Projekty\Unity\Turbo_Dash\Training\runs\neat-continuous-v1-200g-run2\checkpoints\neat-checkpoint-46.state.json,False
47,27810627,70016414,157400,3649666,2049.5464436999973,1626.0610595000107,2,2,64,1.5212242126464843,30.7145790886879,145.30122009277343,261.52759765625,2677,5,18,16,1,True,3270.470780944824,D:\Projekty\Unity\Turbo_Dash\Training\runs\neat-continuous-v1-200g-run2\checkpoints\neat-checkpoint-47.state.json,False
48,6026995,44671996,152354,3802020,2122.2748939999947,1693.517076300006,2,2,64,1.8000750732421875,25.652050013542176,246.577578125,261.52759765625,2697,1,17,13,0,False,,D:\Projekty\Unity\Turbo_Dash\Training\runs\neat-continuous-v1-200g-run2\checkpoints\neat-checkpoint-48.state.json,False
49,13881670,21736345,238175,4040195,2323.043568299996,1797.7307280000095,2,2,64,3.075117645263672,55.79308452606201,264.68345703125,264.68345703125,2777,1,16,13,0,True,5987.737085876465,D:\Projekty\Unity\Turbo_Dash\Training\runs\neat-continuous-v1-200g-run2\checkpoints\neat-checkpoint-49.state.json,False
50,30428852,47604408,122214,4162409,2383.6888121999946,1853.062006600012,2,2,64,2.170718536376953,20.033756408691406,136.98931610107422,264.68345703125,2833,5,16,17,1,False,,D:\Projekty\Unity\Turbo_Dash\Training\runs\neat-continuous-v1-200g-run2\checkpoints\neat-checkpoint-50.state.json,True
51,54411793,38597714,180489,4342898,2463.3712477999943,1932.7093804000106,2,2,64,1.3320999145507812,38.12397567033768,237.73173828125,264.68345703125,2892,1,14,13,0,False,,D:\Projekty\Unity\Turbo_Dash\Training\runs\neat-continuous-v1-200g-run2\checkpoints\neat-checkpoint-51.state.json,False
52,72844097,66036712,123461,4466359,2519.888796799998,1989.1984253000119,2,2,64,1.977106475830078,19.066202492713927,151.93484436035155,264.68345703125,2944,5,19,18,2,False,,D:\Projekty\Unity\Turbo_Dash\Training\runs\neat-continuous-v1-200g-run2\checkpoints\neat-checkpoint-52.state.json,False
53,29695749,70958975,95548,4561907,2660.3657437,2032.0616400000144,2,2,64,1.7535821533203124,11.023809897899628,142.8821646118164,264.68345703125,3039,5,20,17,3,True,6456.438143005371,D:\Projekty\Unity\Turbo_Dash\Training\runs\neat-continuous-v1-200g-run2\checkpoints\neat-checkpoint-53.state.json,False
54,10635071,9273594,172259,4734166,2739.861996199994,2106.2103781000187,2,2,64,1.6450274658203123,37.01264600276947,244.012578125,264.68345703125,3083,1,15,14,0,False,,D:\Projekty\Unity\Turbo_Dash\Training\runs\neat-continuous-v1-200g-run2\checkpoints\neat-checkpoint-54.state.json,False
55,59334056,51374652,132806,4866972,2798.760392599994,2165.081716500019,2,2,64,2.0973793029785157,17.914689428806305,136.0642770385742,264.68345703125,3118,5,17,19,2,False,,D:\Projekty\Unity\Turbo_Dash\Training\runs\neat-continuous-v1-200g-run2\checkpoints\neat-checkpoint-55.state.json,False
56,32628161,13148567,122694,4989666,2854.4844349999985,2220.7758560000148,2,2,64,2.2391546630859374,15.18263347864151,260.50072265625,264.68345703125,3185,1,13,14,0,False,,D:\Projekty\Unity\Turbo_Dash\Training\runs\neat-continuous-v1-200g-run2\checkpoints\neat-checkpoint-56.state.json,False
57,35874760,41215939,172683,5162349,3027.9764339999965,2298.713800500016,2,2,64,2.6440447998046874,31.642816257476806,239.758349609375,264.68345703125,3283,1,15,13,0,True,6553.516275939942,D:\Projekty\Unity\Turbo_Dash\Training\runs\neat-continuous-v1-200g-run2\checkpoints\neat-checkpoint-57.state.json,False
58,48756427,50327362,130295,5292644,3090.495069699995,2355.6711246000195,2,2,64,1.9376779174804686,20.44727422952652,239.893359375,264.68345703125,3315,5,16,20,2,False,,D:\Projekty\Unity\Turbo_Dash\Training\runs\neat-continuous-v1-200g-run2\checkpoints\neat-checkpoint-58.state.json,False
59,20479597,13462754,104569,5397213,3137.368187,2402.5158722000197,2,2,64,1.7671572875976562,9.946948425769806,140.00937683105468,264.68345703125,3357,1,13,14,0,False,,D:\Projekty\Unity\Turbo_Dash\Training\runs\neat-continuous-v1-200g-run2\checkpoints\neat-checkpoint-59.state.json,False
60,3304041,28124814,175732,5572945,3285.3207447999957,2479.459022600022,2,3,64,1.3229409790039062,37.254606652259824,267.1780078125,267.1780078125,3468,1,13,14,0,True,4086.567744140625,D:\Projekty\Unity\Turbo_Dash\Training\runs\neat-continuous-v1-200g-run2\checkpoints\neat-checkpoint-60.state.json,False
61,1209461,60276617,136692,5709637,3352.2601426999972,2541.01152930002,3,3,64,2.4876756286621093,18.192324464321135,130.61302673339844,267.1780078125,3485,5,17,18,2,False,,D:\Projekty\Unity\Turbo_Dash\Training\runs\neat-continuous-v1-200g-run2\checkpoints\neat-checkpoint-61.state.json,False
62,71168433,53992877,135891,5845528,3412.910105899995,2601.6327583000166,3,3,64,1.9549581909179687,16.931947133541108,132.27290130615233,267.1780078125,3541,1,16,13,0,False,,D:\Projekty\Unity\Turbo_Dash\Training\runs\neat-continuous-v1-200g-run2\checkpoints\neat-checkpoint-62.state.json,False
63,50013175,64361048,187240,6032768,3587.2418495999955,2681.640945700019,3,3,64,1.3274130249023437,43.088848254680634,261.89801757812495,267.1780078125,3601,5,16,21,3,True,6391.676186828613,D:\Projekty\Unity\Turbo_Dash\Training\runs\neat-continuous-v1-200g-run2\checkpoints\neat-checkpoint-63.state.json,False
64,58077308,27601169,70242,6103010,3623.6368039999943,2712.732602500022,3,3,64,1.3427664184570314,5.194030060768127,14.924633178710938,267.1780078125,3684,5,17,19,2,False,,D:\Projekty\Unity\Turbo_Dash\Training\runs\neat-continuous-v1-200g-run2\checkpoints\neat-checkpoint-64.state.json,False
65,45614557,74100845,160044,6263054,3696.3118554999965,2785.376861700024,3,3,64,1.9125656127929687,34.839878785610196,253.153505859375,267.1780078125,3757,5,17,20,3,False,,D:\Projekty\Unity\Turbo_Dash\Training\runs\neat-continuous-v1-200g-run2\checkpoints\neat-checkpoint-65.state.json,False
66,67293460,17651914,105366,6368420,3742.821015499998,2831.8566556000223,3,3,64,1.944330291748047,13.151757531166076,139.08360046386719,267.1780078125,3814,5,12,24,2,False,,D:\Projekty\Unity\Turbo_Dash\Training\runs\neat-continuous-v1-200g-run2\checkpoints\neat-checkpoint-66.state.json,False
67,59124598,64465777,186270,6554690,3924.3312421999944,2911.067997100028,3,3,64,1.5171321105957032,40.92066626787186,263.975244140625,267.1780078125,3845,5,15,21,2,True,6865.491726989746,D:\Projekty\Unity\Turbo_Dash\Training\runs\neat-continuous-v1-200g-run2\checkpoints\neat-checkpoint-67.state.json,False
68,57134747,37864611,92175,6646865,3970.738893899994,2952.201558700028,3,3,64,1.9372433471679686,8.893304350376129,134.54814331054686,267.1780078125,3914,5,13,24,2,False,,D:\Projekty\Unity\Turbo_Dash\Training\runs\neat-continuous-v1-200g-run2\checkpoints\neat-checkpoint-68.state.json,False
69,19641765,34094367,168398,6815263,4045.5593523999996,3026.993160900027,3,3,64,1.7578266906738282,33.91221986293793,122.8888787841797,267.1780078125,3968,5,15,19,2,False,,D:\Projekty\Unity\Turbo_Dash\Training\runs\neat-continuous-v1-200g-run2\checkpoints\neat-checkpoint-69.state.json,False
70,68654937,9168865,164471,6979734,4116.381472099994,3097.78596000003,3,3,64,2.2751972961425784,27.147496778964996,240.405830078125,267.1780078125,3969,5,13,24,2,False,,D:\Projekty\Unity\Turbo_Dash\Training\runs\neat-continuous-v1-200g-run2\checkpoints\neat-checkpoint-70.state.json,False
71,42158500,21945803,266809,7246543,4318.6220226000005,3213.063457400036,3,3,64,2.278692932128906,66.32687542200088,260.80595703125,267.1780078125,4076,5,13,24,2,True,5331.17561920166,D:\Projekty\Unity\Turbo_Dash\Training\runs\neat-continuous-v1-200g-run2\checkpoints\neat-checkpoint-71.state.json,False
72,54830709,41844313,152810,7399353,4390.702789199997,3279.829001600039,3,3,64,2.1497633361816404,24.540656406879425,134.44740081787108,267.1780078125,4137,5,13,24,2,False,,D:\Projekty\Unity\Turbo_Dash\Training\runs\neat-continuous-v1-200g-run2\checkpoints\neat-checkpoint-72.state.json,False
73,66141441,6341182,327686,7727039,4654.929646699995,3420.1982221000435,3,3,64,1.6274481201171875,80.77867598056794,243.37965820312502,267.1780078125,4155,5,13,24,2,True,8883.14982421875,D:\Projekty\Unity\Turbo_Dash\Training\runs\neat-continuous-v1-200g-run2\checkpoints\neat-checkpoint-73.state.json,False
74,44462538,53678690,138695,7865734,4722.133796199996,3482.0918606000487,3,3,64,2.020876159667969,24.345866198539735,135.075032043457,267.1780078125,4246,1,12,15,0,False,,D:\Projekty\Unity\Turbo_Dash\Training\runs\neat-continuous-v1-200g-run2\checkpoints\neat-checkpoint-74.state.json,False
75,22783635,19537036,194362,8060096,4936.385737500001,3565.97142920005,3,3,64,1.346562042236328,38.80617214679718,140.8823669433594,267.1780078125,4300,5,11,27,2,True,9228.341473388671,D:\Projekty\Unity\Turbo_Dash\Training\runs\neat-continuous-v1-200g-run2\checkpoints\neat-checkpoint-75.state.json,False
76,30533581,13567483,191989,8252085,5026.787704299997,3650.823175300051,3,3,64,2.2633421325683596,41.08102883815766,263.41570312500005,267.1780078125,4373,1,11,16,0,False,,D:\Projekty\Unity\Turbo_Dash\Training\runs\neat-continuous-v1-200g-run2\checkpoints\neat-checkpoint-76.state.json,False
77,24459299,72425181,171151,8423236,5102.202924899997,3726.208487500051,3,2,64,1.818800506591797,36.01317894458771,135.18770751953124,267.1780078125,4354,65,12,15,0,False,,D:\Projekty\Unity\Turbo_Dash\Training\runs\neat-continuous-v1-200g-run2\checkpoints\neat-checkpoint-77.state.json,False
78,48232782,63837403,368526,8791762,5346.703820199997,3882.6047485000527,2,2,64,1.7799650573730468,100.37227893590926,271.7155078125,271.7155078125,4506,65,12,15,0,True,5625.661279907226,D:\Projekty\Unity\Turbo_Dash\Training\runs\neat-continuous-v1-200g-run2\checkpoints\neat-checkpoint-78.state.json,False
79,51269923,20584326,328080,9119842,5557.599704299995,4021.99559580005,2,2,64,2.4330390930175785,91.44390069961548,263.3921875,271.7155078125,4563,65,12,15,0,True,3722.2940197753906,D:\Projekty\Unity\Turbo_Dash\Training\runs\neat-continuous-v1-200g-run2\checkpoints\neat-checkpoint-79.state.json,False
80,44881454,2361480,131183,9251025,5620.080453399998,4079.187990200051,2,2,64,1.437823028564453,18.49762350797653,120.22404724121093,271.7155078125,4601,5,13,26,2,False,,D:\Projekty\Unity\Turbo_Dash\Training\runs\neat-continuous-v1-200g-run2\checkpoints\neat-checkpoint-80.state.json,False
81,5084434,9797239,165607,9416632,5692.930214,4152.006673600052,2,2,64,2.120237731933594,33.45988581180573,133.20367126464845,271.7155078125,4646,65,13,18,2,False,,D:\Projekty\Unity\Turbo_Dash\Training\runs\neat-continuous-v1-200g-run2\checkpoints\neat-checkpoint-81.state.json,False
82,8331033,17128269,120636,9537268,5865.024824699998,4206.254039400053,2,2,64,1.9556163024902344,12.669026534557343,117.57412841796875,271.7155078125,4705,5,12,27,2,True,8282.528224487305,D:\Projekty\Unity\Turbo_Dash\Training\runs\neat-continuous-v1-200g-run2\checkpoints\neat-checkpoint-82.state.json,False
83,35979489,38283527,159092,9696360,5940.496836499995,4276.396584800052,2,2,64,1.782152099609375,30.33804463148117,247.44312499999998,271.7155078125,4807,5,11,27,2,False,,D:\Projekty\Unity\Turbo_Dash\Training\runs\neat-continuous-v1-200g-run2\checkpoints\neat-checkpoint-83.state.json,False
84,71273162,34408554,162266,9858626,6010.902810899999,4346.770546300053,2,2,64,2.3955873107910155,26.322944984436035,226.5609765625,271.7155078125,4843,5,11,27,2,False,,D:\Projekty\Unity\Turbo_Dash\Training\runs\neat-continuous-v1-200g-run2\checkpoints\neat-checkpoint-84.state.json,False
85,63942132,39435546,201726,10060352,6243.263447199999,4433.591147400053,2,2,64,1.750122985839844,46.979425249099734,141.8055340576172,271.7155078125,4902,5,11,28,2,True,11176.70956237793,D:\Projekty\Unity\Turbo_Dash\Training\runs\neat-continuous-v1-200g-run2\checkpoints\neat-checkpoint-85.state.json,False
86,65303609,40901752,254014,10314366,6357.654125599998,4542.664603600053,2,2,64,3.2108769226074214,57.863249604702,241.41140625,271.7155078125,4992,5,12,28,2,False,,D:\Projekty\Unity\Turbo_Dash\Training\runs\neat-continuous-v1-200g-run2\checkpoints\neat-checkpoint-86.state.json,False
87,70644788,17023540,309101,10623467,6629.294661199994,4676.029652800047,2,2,64,1.82329833984375,76.55925253152847,258.49810546875,271.7155078125,5027,5,15,27,3,True,9882.29906677246,D:\Projekty\Unity\Turbo_Dash\Training\runs\neat-continuous-v1-200g-run2\checkpoints\neat-checkpoint-87.state.json,False
88,59962430,8540491,319682,10943149,6771.016104599999,4812.440790200053,2,2,64,2.1173052978515625,87.98947268724442,273.44201171875,273.44201171875,5092,5,16,27,3,False,,D:\Projekty\Unity\Turbo_Dash\Training\runs\neat-continuous-v1-200g-run2\checkpoints\neat-checkpoint-88.state.json,False
89,19013391,21841074,294955,11238104,7034.594683399999,4940.023361300053,2,2,64,2.7457408142089843,71.51793031930923,237.5152734375,273.44201171875,5118,5,13,27,2,True,9908.119652404785,D:\Projekty\Unity\Turbo_Dash\Training\runs\neat-continuous-v1-200g-run2\checkpoints\neat-checkpoint-89.state.json,False
90,31161955,8749949,223245,11461349,7137.466944199994,5037.5466467000515,2,2,64,2.268095397949219,50.524466803073885,141.19591308593752,273.44201171875,5129,65,13,18,2,False,,D:\Projekty\Unity\Turbo_Dash\Training\runs\neat-continuous-v1-200g-run2\checkpoints\neat-checkpoint-90.state.json,False
91,4874976,68550208,230829,11692178,7317.428065100001,5137.216184400051,2,2,64,3.918585205078125,43.9948917722702,139.0480078125,273.44201171875,5296,65,13,18,2,True,4561.68176361084,D:\Projekty\Unity\Turbo_Dash\Training\runs\neat-continuous-v1-200g-run2\checkpoints\neat-checkpoint-91.state.json,False
92,20793784,21107971,292957,11985135,7449.113498499995,5263.625446800055,2,3,64,2.1129261779785153,73.23934089183807,248.31081054687502,273.44201171875,5310,5,12,28,2,False,,D:\Projekty\Unity\Turbo_Dash\Training\runs\neat-continuous-v1-200g-run2\checkpoints\neat-checkpoint-92.state.json,False
93,7283743,18803933,216850,12201985,7697.814416100002,5357.262723400054,3,3,64,1.6617204284667968,45.9198605966568,241.59390625,273.44201171875,5383,5,13,27,2,True,12175.591286010742,D:\Projekty\Unity\Turbo_Dash\Training\runs\neat-continuous-v1-200g-run2\checkpoints\neat-checkpoint-93.state.json,False
94,42891603,4141873,184841,12386826,7784.643921200004,5438.574150700064,3,3,64,1.3316033935546876,41.2783690738678,256.093310546875,273.44201171875,5452,5,16,28,3,False,,D:\Projekty\Unity\Turbo_Dash\Training\runs\neat-continuous-v1-200g-run2\checkpoints\neat-checkpoint-94.state.json,False
95,33989638,6236453,170444,12557270,8009.247245300001,5513.1936350000615,3,3,64,1.4808003234863283,32.03196884393692,225.4221484375,273.44201171875,5520,5,14,27,3,True,11630.652683410644,D:\Projekty\Unity\Turbo_Dash\Training\runs\neat-continuous-v1-200g-run2\checkpoints\neat-checkpoint-95.state.json,False
96,54935438,27496440,294208,12851478,8140.951445399995,5639.568601700055,3,3,64,2.418907012939453,72.85633016109466,256.44955078125,273.44201171875,5520,5,14,27,3,False,,D:\Projekty\Unity\Turbo_Dash\Training\runs\neat-continuous-v1-200g-run2\checkpoints\neat-checkpoint-96.state.json,False
97,3408770,61638094,256096,13107574,8382.968410599999,5750.208540000051,3,3,64,2.2661819458007812,60.55150986433029,242.230029296875,273.44201171875,5529,5,16,27,3,True,9448.39524230957,D:\Projekty\Unity\Turbo_Dash\Training\runs\neat-continuous-v1-200g-run2\checkpoints\neat-checkpoint-97.state.json,False
98,58705682,43624706,285668,13393242,8512.022273000002,5873.988169200064,3,3,64,2.7209034729003907,61.43721805810928,132.36058959960937,273.44201171875,5658,65,11,17,1,False,,D:\Projekty\Unity\Turbo_Dash\Training\runs\neat-continuous-v1-200g-run2\checkpoints\neat-checkpoint-98.state.json,False
99,41949042,5398621,191755,13584997,8722.633993699994,5956.161776400055,3,2,64,2.8695922851562505,32.858711981773375,229.45784179687502,273.44201171875,5673,5,14,29,3,True,9189.371536560058,D:\Projekty\Unity\Turbo_Dash\Training\runs\neat-continuous-v1-200g-run2\checkpoints\neat-checkpoint-99.state.json,False
100,55877999,28648459,149549,13734546,8795.594684599993,6023.802682400055,2,2,64,2.3642364501953126,21.045147581100462,136.79473022460937,273.44201171875,5816,5,12,31,3,False,,D:\Projekty\Unity\Turbo_Dash\Training\runs\neat-continuous-v1-200g-run2\checkpoints\neat-checkpoint-100.state.json,True
101,39540275,34303825,140035,13874581,8856.81440309999,6084.975997800051,2,2,64,1.8030595397949218,25.26305113554001,147.53555389404298,273.44201171875,5879,5,13,31,3,False,,D:\Projekty\Unity\Turbo_Dash\Training\runs\neat-continuous-v1-200g-run2\checkpoints\neat-checkpoint-101.state.json,False
102,45195641,33151806,420051,14294632,9154.828697900004,6264.01714900005,2,2,64,1.9479595947265624,117.74559706926345,258.28677734375003,273.44201171875,5838,98,14,27,3,True,8356.974872436524,D:\Projekty\Unity\Turbo_Dash\Training\runs\neat-continuous-v1-200g-run2\checkpoints\neat-checkpoint-102.state.json,False
103,73786658,73263013,319764,14614396,9415.326328899995,6401.3714598000515,2,2,64,1.6734686279296875,86.44129076004027,267.88986328125,273.44201171875,5838,98,14,27,3,True,8167.746911621094,D:\Projekty\Unity\Turbo_Dash\Training\runs\neat-continuous-v1-200g-run2\checkpoints\neat-checkpoint-103.state.json,False
104,58182037,1104732,271637,14886033,9538.058864400002,6518.692652900048,2,2,64,1.6451779174804688,65.17771741390229,119.31552673339844,273.44201171875,6030,5,11,31,3,False,,D:\Projekty\Unity\Turbo_Dash\Training\runs\neat-continuous-v1-200g-run2\checkpoints\neat-checkpoint-104.state.json,False
105,66560357,44776725,143200,15029233,9728.373173299995,6581.50774840005,2,2,64,2.7303433227539062,15.429447383880616,143.87192749023438,273.44201171875,6073,98,15,27,3,True,8904.586790771484,D:\Projekty\Unity\Turbo_Dash\Training\runs\neat-continuous-v1-200g-run2\checkpoints\neat-checkpoint-105.state.json,False
106,14195857,58286766,356995,15386228,9886.448942900002,6734.246746000048,2,2,64,1.6709080505371092,85.37059507131576,228.99250976562502,273.44201171875,6073,98,15,27,3,False,,D:\Projekty\Unity\Turbo_Dash\Training\runs\neat-continuous-v1-200g-run2\checkpoints\neat-checkpoint-106.state.json,False
107,19327578,32837619,152890,15539118,10097.202574499992,6800.549044800049,2,2,64,1.6406390380859375,25.55179814815521,132.69070678710938,273.44201171875,6200,5,11,31,3,True,11255.024971313476,D:\Projekty\Unity\Turbo_Dash\Training\runs\neat-continuous-v1-200g-run2\checkpoints\neat-checkpoint-107.state.json,False
108,15557334,11891819,166058,15705176,10175.612352899996,6873.653883700055,2,2,64,2.3639160156249996,32.427051141262055,150.37470397949218,273.44201171875,6290,5,11,32,3,False,,D:\Projekty\Unity\Turbo_Dash\Training\runs\neat-continuous-v1-200g-run2\checkpoints\neat-checkpoint-108.state.json,False
109,16604624,18489746,152141,15857317,10241.7972276,6939.807387100052,2,2,64,2.404230651855469,25.826293880939485,251.20447265625,273.44201171875,6346,5,14,32,3,False,,D:\Projekty\Unity\Turbo_Dash\Training\runs\neat-continuous-v1-200g-run2\checkpoints\neat-checkpoint-109.state.json,False
110,62371197,60904991,336477,16193794,10529.055606599992,7083.872674000057,2,3,64,1.5082229614257812,92.95322017908096,243.195869140625,273.44201171875,6380,98,14,28,3,True,10556.25697631836,D:\Projekty\Unity\Turbo_Dash\Training\runs\neat-continuous-v1-200g-run2\checkpoints\neat-checkpoint-110.state.json,False
111,51479381,42996332,356404,16550198,10727.489465600003,7235.1274024000595,3,3,64,1.9479528808593751,85.53427677154541,275.651708984375,275.651708984375,6457,98,11,32,3,True,1272.3042120361329,D:\Projekty\Unity\Turbo_Dash\Training\runs\neat-continuous-v1-200g-run2\checkpoints\neat-checkpoint-111.state.json,False
112,34618012,11577632,183659,16733857,10813.988311799993,7316.1305489000515,3,3,64,2.127403869628906,32.39155608654022,134.8086297607422,275.651708984375,6526,98,14,28,3,False,,D:\Projekty\Unity\Turbo_Dash\Training\runs\neat-continuous-v1-200g-run2\checkpoints\neat-checkpoint-112.state.json,False
113,56611102,54307064,351985,17085842,11121.224834300003,7468.688221400065,3,3,64,2.0625761413574217,98.26668295383453,243.933623046875,275.651708984375,6581,5,12,30,3,True,11938.058059997558,D:\Projekty\Unity\Turbo_Dash\Training\runs\neat-continuous-v1-200g-run2\checkpoints\neat-checkpoint-113.state.json,False
114,72110994,14719502,354866,17440708,11278.080732900002,7619.93493120007,3,3,64,2.423399505615235,93.62763672351838,251.833232421875,275.651708984375,6653,5,10,32,3,False,,D:\Projekty\Unity\Turbo_Dash\Training\runs\neat-continuous-v1-200g-run2\checkpoints\neat-checkpoint-114.state.json,False
115,1942564,49489530,414090,17854798,11601.610256499996,7795.315128400078,3,3,64,2.2690127563476565,115.85523030996323,257.091708984375,275.651708984375,6716,5,10,33,3,True,11373.852636108399,D:\Projekty\Unity\Turbo_Dash\Training\runs\neat-continuous-v1-200g-run2\checkpoints\neat-checkpoint-115.state.json,False
116,9901968,62475926,336725,18191523,11884.8559514,7942.499823600083,3,3,64,1.950940399169922,87.24131833791733,259.268759765625,275.651708984375,6769,5,12,33,4,True,9676.474558105469,D:\Projekty\Unity\Turbo_Dash\Training\runs\neat-continuous-v1-200g-run2\checkpoints\neat-checkpoint-116.state.json,False
117,46242931,8226304,236415,18427938,11991.370535000002,8043.7189066000865,3,3,64,1.8054275512695312,52.290096707344055,249.130849609375,275.651708984375,6829,5,11,33,3,False,,D:\Projekty\Unity\Turbo_Dash\Training\runs\neat-continuous-v1-200g-run2\checkpoints\neat-checkpoint-117.state.json,False
118,44567267,65408338,109193,18537131,12191.373146299993,8091.080990600094,3,3,64,1.6819424438476562,9.332933847904206,17.020941772460937,275.651708984375,6884,5,11,32,3,True,11876.780783081054,D:\Projekty\Unity\Turbo_Dash\Training\runs\neat-continuous-v1-200g-run2\checkpoints\neat-checkpoint-118.state.json,False
119,71063704,15138418,289907,18827038,12322.694748899994,8217.013550700096,3,3,64,1.8135142517089844,83.04813987255096,277.556513671875,277.556513671875,6884,5,11,32,3,False,,D:\Projekty\Unity\Turbo_Dash\Training\runs\neat-continuous-v1-200g-run2\checkpoints\neat-checkpoint-119.state.json,False
120,10844529,65513067,272123,19099161,12573.834628699995,8334.012231400106,3,3,64,2.892236022949219,67.76951844453812,262.871513671875,277.556513671875,6985,98,14,28,3,True,9688.392286071778,D:\Projekty\Unity\Turbo_Dash\Training\runs\neat-continuous-v1-200g-run2\checkpoints\neat-checkpoint-120.state.json,False
121,12415464,7912117,382362,19481523,12744.508047499992,8499.174347900102,3,3,64,1.9480718994140627,93.32476864337922,229.139052734375,277.556513671875,7040,5,13,32,4,False,,D:\Projekty\Unity\Turbo_Dash\Training\runs\neat-continuous-v1-200g-run2\checkpoints\neat-checkpoint-121.state.json,False
122,33780180,54516522,153936,19635459,12920.708312900002,8565.086419300103,3,3,64,1.7225325012207031,31.373378522396088,134.1825341796875,277.556513671875,7090,98,12,30,3,True,7079.887962341309,D:\Projekty\Unity\Turbo_Dash\Training\runs\neat-continuous-v1-200g-run2\checkpoints\neat-checkpoint-122.state.json,False
123,63627945,42053771,212123,19847582,13020.382493599995,8659.390647400098,3,3,64,1.2072404479980468,42.631571760177614,140.16546875,277.556513671875,7159,5,10,34,3,False,,D:\Projekty\Unity\Turbo_Dash\Training\runs\neat-continuous-v1-200g-run2\checkpoints\neat-checkpoint-123.state.json,False
124,55144896,66979273,235959,20083541,13189.031391599994,8762.657957200092,3,3,64,2.258703308105469,52.52167289495468,139.75473999023438,277.556513671875,7196,117,12,33,3,True,3349.499176635742,D:\Projekty\Unity\Turbo_Dash\Training\runs\neat-continuous-v1-200g-run2\checkpoints\neat-checkpoint-124.state.json,False
125,33570722,2570938,251252,20334793,13304.065663199995,8872.380259800091,3,3,64,1.6641551208496093,58.80675499439239,120.35255187988281,277.556513671875,7271,5,12,33,4,False,,D:\Projekty\Unity\Turbo_Dash\Training\runs\neat-continuous-v1-200g-run2\checkpoints\neat-checkpoint-125.state.json,False
126,29905207,70121143,243754,20578547,13562.363386299992,8978.864987300098,3,3,64,1.8190078735351562,57.37767320871353,139.38962646484373,277.556513671875,7292,117,8,27,2,True,11675.16021636963,D:\Projekty\Unity\Turbo_Dash\Training\runs\neat-continuous-v1-200g-run2\checkpoints\neat-checkpoint-126.state.json,False
127,22364719,19118120,272313,20850860,13685.489682099993,9096.594034700101,3,3,64,2.2750511169433594,56.26392266750336,124.5720068359375,277.556513671875,7330,98,15,27,3,False,,D:\Projekty\Unity\Turbo_Dash\Training\runs\neat-continuous-v1-200g-run2\checkpoints\neat-checkpoint-127.state.json,False
128,60381346,37759882,297515,21148375,13952.8004821,9224.6455458001,3,3,64,1.6511257934570311,81.54220952033997,136.0153594970703,277.556513671875,7454,5,13,32,4,True,10606.325186157226,D:\Projekty\Unity\Turbo_Dash\Training\runs\neat-continuous-v1-200g-run2\checkpoints\neat-checkpoint-128.state.json,False
129,29486291,5608079,95126,21243501,14000.111828100002,9266.509730600112,3,2,64,1.366554718017578,11.03910992860794,148.4945065307617,277.556513671875,7483,98,15,28,3,False,,D:\Projekty\Unity\Turbo_Dash\Training\runs\neat-continuous-v1-200g-run2\checkpoints\neat-checkpoint-129.state.json,False
130,65094151,10006697,381049,21624550,14226.661551499994,9431.454183500115,2,2,64,2.419566345214844,111.6738183093071,274.779775390625,277.556513671875,7560,98,9,23,2,True,3069.3106884765625,D:\Projekty\Unity\Turbo_Dash\Training\runs\neat-continuous-v1-200g-run2\checkpoints\neat-checkpoint-130.state.json,False
131,59543514,69911685,345948,21970498,14381.316461200004,9580.650493200112,2,2,64,1.6533949279785156,98.09276691436767,264.465478515625,277.556513671875,7556,5,10,33,3,False,,D:\Projekty\Unity\Turbo_Dash\Training\runs\neat-continuous-v1-200g-run2\checkpoints\neat-checkpoint-131.state.json,False
132,18594475,6131724,316075,22286573,14676.616362499997,9716.0236073001,2,2,64,1.8036352539062501,85.18826612234116,255.07039062500002,277.556513671875,7702,5,9,34,3,True,12713.588653259278,D:\Projekty\Unity\Turbo_Dash\Training\runs\neat-continuous-v1-200g-run2\checkpoints\neat-checkpoint-132.state.json,False
133,8854678,43834164,234382,22520955,14890.610571199992,9818.544279000096,2,3,64,1.8231329345703124,47.05541079521179,138.0310693359375,277.556513671875,7754,5,9,34,3,True,7238.574803771972,D:\Projekty\Unity\Turbo_Dash\Training\runs\neat-continuous-v1-200g-run2\checkpoints\neat-checkpoint-133.state.json,False
134,12729651,69702227,343189,22864144,15043.4370405,9966.0173792001,3,3,64,2.3464932250976562,81.21062098503113,238.925830078125,277.556513671875,7821,5,9,34,3,False,,D:\Projekty\Unity\Turbo_Dash\Training\runs\neat-continuous-v1-200g-run2\checkpoints\neat-checkpoint-134.state.json,False
135,28020085,16709353,341940,23206084,15333.642578399995,10112.077747500109,3,3,64,2.0999725341796873,86.2947904229164,242.792958984375,277.556513671875,7880,5,10,34,3,True,10980.976382751465,D:\Projekty\Unity\Turbo_Dash\Training\runs\neat-continuous-v1-200g-run2\checkpoints\neat-checkpoint-135.state.json,False
136,22574177,11053987,107447,23313531,15386.386038000004,10159.367655000111,3,3,64,1.9183694458007812,10.392830657958985,128.3728970336914,277.556513671875,7904,98,7,26,2,False,,D:\Projekty\Unity\Turbo_Dash\Training\runs\neat-continuous-v1-200g-run2\checkpoints\neat-checkpoint-136.state.json,False
137,26134963,15243147,265379,23578910,15642.710301399995,10274.275379400118,3,2,64,2.3440261840820313,65.54301076173782,259.2629296875,277.556513671875,7904,141,7,26,2,True,10560.830902404785,D:\Projekty\Unity\Turbo_Dash\Training\runs\neat-continuous-v1-200g-run2\checkpoints\neat-checkpoint-137.state.json,False
138,68445479,24668757,337952,23916862,15792.929091699996,10419.170840100123,2,3,64,1.2990092468261718,79.42248975515365,241.835048828125,277.556513671875,8041,5,10,35,3,False,,D:\Projekty\Unity\Turbo_Dash\Training\runs\neat-continuous-v1-200g-run2\checkpoints\neat-checkpoint-138.state.json,False
139,58600953,33884909,361460,24278322,16089.412564899998,10573.835857900121,3,3,64,2.4208135986328125,95.4451037120819,241.64880859375,277.556513671875,8085,141,7,26,2,True,10315.602096862793,D:\Projekty\Unity\Turbo_Dash\Training\runs\neat-continuous-v1-200g-run2\checkpoints\neat-checkpoint-139.state.json,False
140,48651698,18385017,309821,24588143,16364.783396199993,10707.228207800115,3,3,64,1.2721376037597656,84.02944070577621,136.29419006347655,277.556513671875,8148,5,10,35,3,True,10148.478274536134,D:\Projekty\Unity\Turbo_Dash\Training\runs\neat-continuous-v1-200g-run2\checkpoints\neat-checkpoint-140.state.json,False
141,13672212,48546969,105622,24693765,16417.005168800002,10754.117527800117,3,3,64,2.082056121826172,10.601027987003327,134.72020141601564,277.556513671875,8195,141,7,26,2,False,,D:\Projekty\Unity\Turbo_Dash\Training\runs\neat-continuous-v1-200g-run2\checkpoints\neat-checkpoint-141.state.json,False
142,32942348,7597930,433817,25127582,16752.509919900003,10939.545026600113,3,3,64,1.6057064819335938,122.04862988233566,255.76667968750002,277.556513671875,8273,5,10,32,3,True,11425.781506958008,D:\Projekty\Unity\Turbo_Dash\Training\runs\neat-continuous-v1-200g-run2\checkpoints\neat-checkpoint-142.state.json,False
143,15976250,36712592,179377,25306959,16836.1119292,11017.827397100104,3,3,64,2.5840882873535156,29.141995027065278,148.28381103515625,277.556513671875,8339,5,10,36,3,False,,D:\Projekty\Unity\Turbo_Dash\Training\runs\neat-continuous-v1-200g-run2\checkpoints\neat-checkpoint-143.state.json,False
144,40692294,16080979,249829,25556788,17087.30587209999,11126.414418000102,3,3,64,1.7775776672363282,56.607135632038116,249.024716796875,277.556513671875,8410,5,10,36,3,True,10917.974111328125,D:\Projekty\Unity\Turbo_Dash\Training\runs\neat-continuous-v1-200g-run2\checkpoints\neat-checkpoint-144.state.json,False
145,67712376,53050316,174263,25731051,17168.6437259,11202.451284800103,3,3,64,1.3757362365722656,35.61019705057144,133.7958026123047,277.556513671875,8371,141,7,26,3,False,,D:\Projekty\Unity\Turbo_Dash\Training\runs\neat-continuous-v1-200g-run2\checkpoints\neat-checkpoint-145.state.json,False
146,54202335,21422158,189658,25920709,17250.930347199996,11284.700797400103,3,3,64,1.522734832763672,38.560409829616546,138.31058227539063,277.556513671875,8448,141,7,25,2,False,,D:\Projekty\Unity\Turbo_Dash\Training\runs\neat-continuous-v1-200g-run2\checkpoints\neat-checkpoint-146.state.json,False
147,24249841,19432307,200502,26121211,17482.216288499993,11374.029019800102,3,2,64,2.4295837402343747,35.797957541942594,225.07873046875,277.556513671875,8578,141,8,26,3,True,10672.918473815918,D:\Projekty\Unity\Turbo_Dash\Training\runs\neat-continuous-v1-200g-run2\checkpoints\neat-checkpoint-147.state.json,False
148,57972579,16185708,267890,26389101,17602.4104573,11488.903815700105,2,2,64,1.3449472045898436,65.83199761867523,243.14712890625003,277.556513671875,8619,141,8,26,3,False,,D:\Projekty\Unity\Turbo_Dash\Training\runs\neat-continuous-v1-200g-run2\checkpoints\neat-checkpoint-148.state.json,False
149,14510044,1628377,102277,26491378,17646.468718800003,11532.925867500104,2,3,64,2.0950015258789065,8.536277074813842,14.389034423828125,277.556513671875,8675,141,9,26,3,False,,D:\Projekty\Unity\Turbo_Dash\Training\runs\neat-continuous-v1-200g-run2\checkpoints\neat-checkpoint-149.state.json,False
150,20165410,64570506,232126,26723504,17890.634705800003,11632.378939400092,3,3,64,1.8126295471191407,57.82394060611725,142.9594384765625,277.556513671875,8675,141,9,26,3,True,11084.648701782227,D:\Projekty\Unity\Turbo_Dash\Training\runs\neat-continuous-v1-200g-run2\checkpoints\neat-checkpoint-150.state.json,True
151,34199096,15662063,285677,27009181,18077.969861800004,11757.076286900105,3,3,64,1.813763885498047,70.58992973566055,133.13185363769531,277.556513671875,8776,147,13,34,3,True,2813.8256774902343,D:\Projekty\Unity\Turbo_Dash\Training\runs\neat-continuous-v1-200g-run2\checkpoints\neat-checkpoint-151.state.json,False
152,10949258,49175343,322522,27331703,18221.440076399995,11895.22319620011,3,3,64,1.4667158508300782,87.41381848812104,259.22066406249996,277.556513671875,8782,159,9,25,3,False,,D:\Projekty\Unity\Turbo_Dash\Training\runs\neat-continuous-v1-200g-run2\checkpoints\neat-checkpoint-152.state.json,False
153,52945587,35770031,313731,27645434,18498.887378099993,12028.977277000115,3,3,64,1.6403721618652343,79.84091448545456,240.294375,277.556513671875,8922,141,9,26,3,True,10854.146493225098,D:\Projekty\Unity\Turbo_Dash\Training\runs\neat-continuous-v1-200g-run2\checkpoints\neat-checkpoint-153.state.json,False
154,71692078,16918811,225249,27870683,18601.407977200004,12126.186913600119,3,3,64,2.5790536499023435,45.830065596103665,131.63852325439453,277.556513671875,8979,141,10,26,4,False,,D:\Projekty\Unity\Turbo_Dash\Training\runs\neat-continuous-v1-200g-run2\checkpoints\neat-checkpoint-154.state.json,False
155,51165194,42786874,423700,28294383,18922.7020807,12307.254200600117,3,3,64,2.855111083984375,113.6162529706955,249.925322265625,277.556513671875,8995,141,11,25,4,True,10660.291877441407,D:\Projekty\Unity\Turbo_Dash\Training\runs\neat-continuous-v1-200g-run2\checkpoints\neat-checkpoint-155.state.json,False
156,26030234,17756643,395949,28690332,19249.096094,12476.947049900118,3,3,64,1.7848675537109375,107.28837422370911,249.614443359375,277.556513671875,9089,141,7,26,3,True,11452.444484558106,D:\Projekty\Unity\Turbo_Dash\Training\runs\neat-continuous-v1-200g-run2\checkpoints\neat-checkpoint-156.state.json,False
157,23516738,33047077,267268,28957600,19370.61926279999,12593.162372100109,3,3,64,2.2786364746093746,61.44380649328232,249.70804687499998,277.556513671875,9159,141,8,27,3,False,,D:\Projekty\Unity\Turbo_Dash\Training\runs\neat-continuous-v1-200g-run2\checkpoints\neat-checkpoint-157.state.json,False
158,18175559,68759666,410047,29367647,19675.618334699997,12771.470318800115,3,3,64,1.4912852478027343,108.39444437026978,246.391064453125,277.556513671875,9225,141,10,26,3,True,9135.174221496582,D:\Projekty\Unity\Turbo_Dash\Training\runs\neat-continuous-v1-200g-run2\checkpoints\neat-checkpoint-158.state.json,False
159,3094583,61742823,342470,29710117,19926.46735079999,12917.843542600123,3,2,64,1.875491485595703,95.44277614116669,265.17012695312496,277.556513671875,9259,159,9,26,3,True,6289.022758483887,D:\Projekty\Unity\Turbo_Dash\Training\runs\neat-continuous-v1-200g-run2\checkpoints\neat-checkpoint-159.state.json,False
160,6760098,47290221,197499,29907616,20017.357192799995,13003.411023800116,2,2,64,2.2692463684082034,42.52676335811615,257.942568359375,277.556513671875,9341,159,9,26,3,False,,D:\Projekty\Unity\Turbo_Dash\Training\runs\neat-continuous-v1-200g-run2\checkpoints\neat-checkpoint-160.state.json,False
161,57344205,62685384,287912,30195528,20243.3350077,13126.003993400125,2,2,64,2.709559936523437,73.7258168053627,261.29072265625,277.556513671875,9390,159,10,28,3,True,6624.99359954834,D:\Projekty\Unity\Turbo_Dash\Training\runs\neat-continuous-v1-200g-run2\checkpoints\neat-checkpoint-161.state.json,False
162,65931983,72006265,268981,30464509,20366.388081499994,13243.657241300127,2,2,64,1.9486483764648437,70.62516098737716,278.41380859375,278.41380859375,9467,159,8,27,3,False,,D:\Projekty\Unity\Turbo_Dash\Training\runs\neat-continuous-v1-200g-run2\checkpoints\neat-checkpoint-162.state.json,False
163,8959407,69073853,506855,30971364,20701.6239499,13459.128005000122,2,2,64,2.4207386779785156,143.2797218108177,263.52616210937504,278.41380859375,9487,141,10,26,4,True,8612.564430541992,D:\Projekty\Unity\Turbo_Dash\Training\runs\neat-continuous-v1-200g-run2\checkpoints\neat-checkpoint-163.state.json,False
164,53469232,32523432,181715,31153079,20923.923253199995,13540.509276300116,2,2,64,1.6428135681152343,32.39081438064575,142.00271362304687,278.41380859375,9550,141,8,27,3,True,9814.248822021484,D:\Projekty\Unity\Turbo_Dash\Training\runs\neat-continuous-v1-200g-run2\checkpoints\neat-checkpoint-164.state.json,False
165,64675235,51793568,291329,31444408,21053.351954899998,13664.449236200118,2,3,64,1.8001553344726562,68.7597699689865,216.77197265625,278.41380859375,9614,141,8,27,3,False,,D:\Projekty\Unity\Turbo_Dash\Training\runs\neat-continuous-v1-200g-run2\checkpoints\neat-checkpoint-165.state.json,False
166,23935654,26449150,285673,31730081,21274.5175027,13787.236886300117,3,3,64,1.4757238769531251,66.86844938039779,254.10384765625,278.41380859375,9709,141,8,27,3,True,6359.307487487793,D:\Projekty\Unity\Turbo_Dash\Training\runs\neat-continuous-v1-200g-run2\checkpoints\neat-checkpoint-166.state.json,False
167,24773486,38388256,494667,32224748,21620.08394789999,13999.105281100128,3,3,64,1.6684376525878906,148.22827072381975,269.252822265625,278.41380859375,9744,176,6,29,3,True,9473.048856201172,D:\Projekty\Unity\Turbo_Dash\Training\runs\neat-continuous-v1-200g-run2\checkpoints\neat-checkpoint-167.state.json,False
168,50851007,42367958,237066,32461814,21728.6329091,14102.353778600125,3,3,64,1.649280700683594,48.69004996538162,232.34982421875,278.41380859375,9814,176,9,29,4,False,,D:\Projekty\Unity\Turbo_Dash\Training\runs\neat-continuous-v1-200g-run2\checkpoints\neat-checkpoint-168.state.json,False
169,36398405,12939109,249568,32711382,21947.787359,14211.631733000118,3,3,64,1.7919306945800781,52.62595319032669,133.506552734375,278.41380859375,9881,176,7,28,3,True,7583.1800894165035,D:\Projekty\Unity\Turbo_Dash\Training\runs\neat-continuous-v1-200g-run2\checkpoints\neat-checkpoint-169.state.json,False
170,48442240,4665518,417716,33129098,22219.651398399998,14389.435724100113,3,3,64,1.764620819091797,114.47610595703125,259.29903320312496,278.41380859375,9909,141,10,28,5,True,5261.661475524902,D:\Projekty\Unity\Turbo_Dash\Training\runs\neat-continuous-v1-200g-run2\checkpoints\neat-checkpoint-170.state.json,False
171,3827686,50536820,296246,33425344,22353.23670049999,14517.70476760011,3,3,64,1.7807929992675782,75.7492891907692,259.5157421875,278.41380859375,9983,159,8,28,3,False,,D:\Projekty\Unity\Turbo_Dash\Training\runs\neat-continuous-v1-200g-run2\checkpoints\neat-checkpoint-171.state.json,False
172,56401644,40273378,267658,33693002,22604.7451276,14634.606894400102,3,3,64,2.0967364501953125,59.398509728908536,129.30804443359375,278.41380859375,10045,159,7,29,3,True,9610.660864868165,D:\Projekty\Unity\Turbo_Dash\Training\runs\neat-continuous-v1-200g-run2\checkpoints\neat-checkpoint-172.state.json,False
173,40482836,27705898,266643,33959645,22724.924867699992,14749.512677100094,3,3,64,1.9618603515625002,62.05729479551315,247.74105468750003,278.41380859375,10091,176,7,29,3,False,,D:\Projekty\Unity\Turbo_Dash\Training\runs\neat-continuous-v1-200g-run2\checkpoints\neat-checkpoint-173.state.json,False
174,22469448,71796807,148702,34108347,22879.2087292,14814.409630400085,3,3,64,1.1989956665039063,19.923535811901093,137.02031555175782,278.41380859375,10165,176,10,28,4,True,5441.127068481445,D:\Projekty\Unity\Turbo_Dash\Training\runs\neat-continuous-v1-200g-run2\checkpoints\neat-checkpoint-174.state.json,False
175,11472903,40168649,334108,34442455,23027.741724600004,14957.62890660009,3,3,64,2.1015754699707028,86.75188853502274,230.0252734375,278.41380859375,10226,176,10,29,4,False,,D:\Projekty\Unity\Turbo_Dash\Training\runs\neat-continuous-v1-200g-run2\checkpoints\neat-checkpoint-175.state.json,False
176,25611318,57030018,192556,34635011,23242.1314908,15042.26507360008,3,3,64,2.0923025512695315,41.999911439418796,243.20450195312497,278.41380859375,10234,176,7,29,3,True,9389.45695373535,D:\Projekty\Unity\Turbo_Dash\Training\runs\neat-continuous-v1-200g-run2\checkpoints\neat-checkpoint-176.state.json,False
177,45509828,23830925,161949,34796960,23318.1230439,15112.830285200078,3,2,64,1.3537884521484373,25.76290065050125,240.78439453125,278.41380859375,10346,176,6,30,3,False,,D:\Projekty\Unity\Turbo_Dash\Training\runs\neat-continuous-v1-200g-run2\checkpoints\neat-checkpoint-177.state.json,False
178,46033473,41320668,324419,35121379,23619.095632999997,15253.597460700068,2,2,64,1.8223287963867187,91.78298306703567,259.72526367187504,278.41380859375,10405,176,5,31,3,True,12569.590405273437,D:\Projekty\Unity\Turbo_Dash\Training\runs\neat-continuous-v1-200g-run2\checkpoints\neat-checkpoint-178.state.json,False
179,30219394,66455628,213733,35335112,23717.7099467,15346.79668360007,2,2,64,1.8293867492675782,42.66760852098465,132.16539611816407,278.41380859375,10459,176,9,29,4,False,,D:\Projekty\Unity\Turbo_Dash\Training\runs\neat-continuous-v1-200g-run2\checkpoints\neat-checkpoint-179.state.json,False
180,39121359,24040383,175870,35510982,23936.672679899995,15423.628950600076,2,2,64,1.362784423828125,31.234084916114806,238.4487890625,278.41380859375,10494,176,5,30,3,True,10891.02191040039,D:\Projekty\Unity\Turbo_Dash\Training\runs\neat-continuous-v1-200g-run2\checkpoints\neat-checkpoint-180.state.json,False
181,65722525,27077524,197986,35708968,24029.41050189999,15511.012116600075,2,2,64,1.3498030090332032,47.964493865966794,134.96861083984373,278.41380859375,10575,176,9,29,4,False,,D:\Projekty\Unity\Turbo_Dash\Training\runs\neat-continuous-v1-200g-run2\checkpoints\neat-checkpoint-181.state.json,False
182,26553879,11996548,185337,35894305,24110.909979199998,15592.475340000077,2,2,64,1.5113433837890624,42.99661056756973,257.06439453124995,278.41380859375,10649,176,8,29,4,False,,D:\Projekty\Unity\Turbo_Dash\Training\runs\neat-continuous-v1-200g-run2\checkpoints\neat-checkpoint-182.state.json,False
183,55982728,32313974,165465,36059770,24331.940840000003,15665.204612100075,2,2,64,2.067509918212891,32.50301214456558,140.57821044921874,278.41380859375,10682,176,6,30,3,True,11402.246882019042,D:\Projekty\Unity\Turbo_Dash\Training\runs\neat-continuous-v1-200g-run2\checkpoints\neat-checkpoint-183.state.json,False
184,12310735,35665302,239360,36299130,24441.6806097,15769.617973100074,2,2,64,2.2748097229003905,57.76602895736694,241.684697265625,278.41380859375,10751,176,8,29,4,False,,D:\Projekty\Unity\Turbo_Dash\Training\runs\neat-continuous-v1-200g-run2\checkpoints\neat-checkpoint-184.state.json,False
185,53364503,59648243,372655,36671785,24663.898173400004,15928.20610400007,2,2,64,1.4674479675292968,97.66408171653748,257.336845703125,278.41380859375,10801,176,9,29,4,True,2905.940786437988,D:\Projekty\Unity\Turbo_Dash\Training\runs\neat-continuous-v1-200g-run2\checkpoints\neat-checkpoint-185.state.json,False
186,70540059,72948826,269412,36941197,24787.442998399994,16046.465839200071,2,2,64,1.214039001464844,73.2410269522667,250.1997265625,278.41380859375,10860,176,7,30,3,False,,D:\Projekty\Unity\Turbo_Dash\Training\runs\neat-continuous-v1-200g-run2\checkpoints\neat-checkpoint-186.state.json,False
187,32209245,3199312,247377,37188574,24959.955517100003,16155.472458600067,2,2,64,1.8138505554199218,51.02980107307434,257.691259765625,278.41380859375,10899,141,12,28,5,True,3148.607131958008,D:\Projekty\Unity\Turbo_Dash\Training\runs\neat-continuous-v1-200g-run2\checkpoints\neat-checkpoint-187.state.json,False
188,10739800,5503350,206939,37395513,25055.83651629999,16245.886549200077,2,2,64,1.6613516235351562,50.447007970809935,139.66141845703126,278.41380859375,10968,176,8,30,3,False,,D:\Projekty\Unity\Turbo_Dash\Training\runs\neat-continuous-v1-200g-run2\checkpoints\neat-checkpoint-188.state.json,False
189,60590804,71587349,108232,37503745,25174.36325229999,16292.904880200076,2,2,64,1.6027676391601562,10.247914681434631,124.30984130859375,278.41380859375,11023,141,12,27,5,True,3973.289112854004,D:\Projekty\Unity\Turbo_Dash\Training\runs\neat-continuous-v1-200g-run2\checkpoints\neat-checkpoint-189.state.json,False
190,64151590,36084218,263340,37767085,25293.315681999993,16406.531039700072,2,2,64,1.814569549560547,64.39158858537674,235.210810546875,278.41380859375,11095,176,10,29,3,False,,D:\Projekty\Unity\Turbo_Dash\Training\runs\neat-continuous-v1-200g-run2\checkpoints\neat-checkpoint-190.state.json,False
191,13776941,20374868,274677,38041762,25493.42956879999,16525.018716300066,2,2,64,1.8282646179199218,72.5467683506012,147.61885498046874,278.41380859375,11138,141,12,27,5,True,4880.273623657226,D:\Projekty\Unity\Turbo_Dash\Training\runs\neat-continuous-v1-200g-run2\checkpoints\neat-checkpoint-191.state.json,False
192,44043622,37236237,193876,38235638,25583.586132899996,16609.847451900074,2,2,64,1.4983808898925781,34.42969254970551,140.3726220703125,278.41380859375,11206,176,9,30,3,False,,D:\Projekty\Unity\Turbo_Dash\Training\runs\neat-continuous-v1-200g-run2\checkpoints\neat-checkpoint-192.state.json,False
193,6445911,42577416,279142,38514780,25837.173199299992,16730.223695400084,2,2,64,1.3514723205566406,66.47963853359222,243.505927734375,278.41380859375,11256,141,15,27,6,True,9799.697351989746,D:\Projekty\Unity\Turbo_Dash\Training\runs\neat-continuous-v1-200g-run2\checkpoints\neat-checkpoint-193.state.json,False
194,18280288,21212700,118471,38633251,25895.694968699994,16783.429967800083,2,2,64,1.796658477783203,12.552024240493774,121.20704467773437,278.41380859375,11318,176,12,29,4,False,,D:\Projekty\Unity\Turbo_Dash\Training\runs\neat-continuous-v1-200g-run2\checkpoints\neat-checkpoint-194.state.json,False
195,41111210,16395166,290776,38924027,26020.6643022,16908.36341720009,2,3,64,1.6625762939453124,85.92439008235931,189.63084472656251,278.41380859375,11404,176,10,30,3,False,,D:\Projekty\Unity\Turbo_Dash\Training\runs\neat-continuous-v1-200g-run2\checkpoints\neat-checkpoint-195.state.json,False
196,4351331,35246386,198050,39122077,26181.443159399998,16995.140004800094,3,3,64,2.094424133300781,47.73944031953812,276.36955078125004,278.41380859375,11483,176,10,29,3,True,3818.8351177978516,D:\Projekty\Unity\Turbo_Dash\Training\runs\neat-continuous-v1-200g-run2\checkpoints\neat-checkpoint-196.state.json,False
197,49698988,9378323,295968,39418045,26313.4547333,17121.839937200086,3,3,64,2.5183966064453127,65.80697512626648,139.37910888671874,278.41380859375,11437,141,11,27,5,False,,D:\Projekty\Unity\Turbo_Dash\Training\runs\neat-continuous-v1-200g-run2\checkpoints\neat-checkpoint-197.state.json,False
198,45090912,38178798,201136,39619181,26507.300386299998,17208.641395000086,3,3,64,1.6521861267089843,51.430203292369846,262.92060546874995,278.41380859375,11567,176,9,31,3,True,7379.557015380859,D:\Projekty\Unity\Turbo_Dash\Training\runs\neat-continuous-v1-200g-run2\checkpoints\neat-checkpoint-198.state.json,False
199,73053555,61323907,84141,39703322,26550.2921768,17246.28071890009,3,3,64,1.6007452392578125,6.712924706935882,13.834648132324219,278.41380859375,11634,176,10,30,3,False,,D:\Projekty\Unity\Turbo_Dash\Training\runs\neat-continuous-v1-200g-run2\checkpoints\neat-checkpoint-199.state.json,False
200,36293676,46766576,202644,39905966,26639.3883442,17335.342537900084,3,3,64,1.661968994140625,39.880592050552366,145.05453002929687,278.41380859375,11606,141,14,29,6,False,,D:\Projekty\Unity\Turbo_Dash\Training\runs\neat-continuous-v1-200g-run2\checkpoints\neat-checkpoint-200.state.json,True
